-- phpMyAdmin SQL Dump
-- version 5.2.0
-- https://www.phpmyadmin.net/
--
-- Host: localhost
-- Tempo de geração: 28-Nov-2022 às 23:54
-- Versão do servidor: 10.4.24-MariaDB
-- versão do PHP: 8.1.6

SET SQL_MODE = "NO_AUTO_VALUE_ON_ZERO";
START TRANSACTION;
SET time_zone = "+00:00";


/*!40101 SET @OLD_CHARACTER_SET_CLIENT=@@CHARACTER_SET_CLIENT */;
/*!40101 SET @OLD_CHARACTER_SET_RESULTS=@@CHARACTER_SET_RESULTS */;
/*!40101 SET @OLD_COLLATION_CONNECTION=@@COLLATION_CONNECTION */;
/*!40101 SET NAMES utf8mb4 */;

--
-- Banco de dados: `vapor`
--

-- --------------------------------------------------------

--
-- Estrutura da tabela `administrador`
--

CREATE TABLE `administrador` (
  `id` int(11) NOT NULL,
  `nome` varchar(50) NOT NULL,
  `cpf` varchar(11) NOT NULL,
  `email` varchar(50) NOT NULL,
  `senha` varchar(6) NOT NULL
) ENGINE=InnoDB DEFAULT CHARSET=utf8mb4;

--
-- Extraindo dados da tabela `administrador`
--

INSERT INTO `administrador` (`id`, `nome`, `cpf`, `email`, `senha`) VALUES
(1, 'Matheus de Barros Fagionato', '42381546812', 'mdbf42@gmail.com', 'teste1'),
(2, 'Roberto Arnaldo', '80583687091', 'mdbf43@gmail.com', 'teste2'),
(3, 'Arthud Dent', '73030876055', 'mdbf44@gmail.com', 'teste3'),
(4, 'Seu Cebola', '07924654070', 'mdbf45@gmail.com', 'teste4'),
(5, 'Ronaldo Fenômeno', '01547105046', 'mdbf46@gmail.com', 'teste5');

-- --------------------------------------------------------

--
-- Estrutura da tabela `categoria`
--

CREATE TABLE `categoria` (
  `id` int(11) NOT NULL,
  `nome` varchar(50) NOT NULL
) ENGINE=InnoDB DEFAULT CHARSET=utf8mb4;

--
-- Extraindo dados da tabela `categoria`
--

INSERT INTO `categoria` (`id`, `nome`) VALUES
(18, 'AMIZADE'),
(17, 'ARCADE'),
(15, 'AVENTURA'),
(16, 'CORRIDA'),
(19, 'ESPORTES'),
(23, 'FPS'),
(24, 'MOBA'),
(20, 'PESCARIA'),
(25, 'RPG'),
(21, 'SIMULADOR'),
(22, 'SUSPENSE'),
(13, 'TERROR');

-- --------------------------------------------------------

--
-- Estrutura da tabela `idioma`
--

CREATE TABLE `idioma` (
  `id` int(11) NOT NULL,
  `nome` varchar(50) NOT NULL
) ENGINE=InnoDB DEFAULT CHARSET=utf8mb4;

--
-- Extraindo dados da tabela `idioma`
--

INSERT INTO `idioma` (`id`, `nome`) VALUES
(4, 'Chines'),
(5, 'Romeno'),
(6, 'Português'),
(10, 'Gustavo'),
(11, 'alexandre');

-- --------------------------------------------------------

--
-- Estrutura da tabela `jogo`
--

CREATE TABLE `jogo` (
  `id` int(11) NOT NULL,
  `nome` varchar(50) NOT NULL,
  `valor` int(11) NOT NULL,
  `descricao` longtext DEFAULT NULL,
  `imagem_url` varchar(200) NOT NULL,
  `video_url` varchar(200) DEFAULT NULL,
  `data_lancamento` date NOT NULL,
  `desenvolvedora` varchar(100) NOT NULL,
  `id_categoria` int(11) NOT NULL
) ENGINE=InnoDB DEFAULT CHARSET=utf8mb4;

--
-- Extraindo dados da tabela `jogo`
--

INSERT INTO `jogo` (`id`, `nome`, `valor`, `descricao`, `imagem_url`, `video_url`, `data_lancamento`, `desenvolvedora`, `id_categoria`) VALUES
(1, 'MINECRAFT', 29, 'Jogo Quadrado', 'https://files.tecnoblog.net/wp-content/uploads/2019/09/minecraft-001.jpg', 'https://www.youtube.com/watch?v=jMe3tdyjouM', '2022-09-09', 'Mojang', 15),
(2, 'THE LAST OF US', 30, 'Jogo de Zumbi', 'https://upload.wikimedia.org/wikipedia/pt/b/be/The_Last_of_Us_capa.png', 'https://www.youtube.com/watch?v=IpjRuuFEPMk', '2022-10-09', 'Naughty Dog', 13),
(4, 'VALORANT', 0, 'Jogo de Tiro e Poderzinho', 'https://images.contentstack.io/v3/assets/bltb6530b271fddd0b1/blt3f072336e3f3ade4/63096d7be4a8c30e088e7720/Valorant_2022_E5A2_PlayVALORANT_ContentStackThumbnail_1200x625_MB01.png', 'https://www.youtube.com/watch?v=0qhHKedfvkg', '2021-05-03', 'Riot', 23),
(5, 'LEAGUE OF LEGENDS', 0, 'Jogo de Torres e Poderzinho', 'https://s2.glbimg.com/M4Df2YVeiwElmr4cqNv1J_-gVgQ=/800x0/smart/filters:strip_icc()/s.glbimg.com/po/tt2/f/original/2014/04/03/league-of-legends-10.jpg', 'https://www.youtube.com/watch?v=aR-KAldshAE', '2015-05-03', 'Riot', 24),
(7, 'THE LEGEND OF ZELDA: BREATH OF THE WILD', 300, 'Jogo do Link', 'https://cdn.pocket-lint.com/r/s/970x/assets/images/137952-games-review-the-legend-of-zelda-breath-of-the-wild-review-image1-tbvqza2wel-jpg.webp', 'https://www.youtube.com/watch?v=zw47_q9wbBE', '2017-05-03', 'Nintendo', 15),
(8, 'CUPHEAD', 40, 'Jogo das Xicrina', 'https://conteudo.imguol.com.br/c/entretenimento/fd/2022/02/23/the-cuphead-show-personagem-diabo-1645649422377_v2_900x506.jpg.webp', 'https://www.youtube.com/watch?v=NN-9SQXoi50', '2018-05-03', 'Studio MDHR', 17),
(9, 'BATTLEFIELD 4', 299, 'Melhor FPS que tem', 'https://uploads.jovemnerd.com.br/wp-content/uploads/2021/06/battlefield-4-esta-gratuito-para-pc-no-amazon-prime-gaming.jpg', 'https://www.youtube.com/watch?v=hl-VV9loYLw', '2016-05-03', 'DICE', 23),
(12, 'Forza Horizon 4', 399, 'Forza Horizon 4 é um jogo de corrida em mundo aberto desenvolvido pela Playground Games em colaboração com a Turn 10 e publicado pela Xbox Game Studios, que na época do lançamento ainda era conhecida como Microsoft Studios. É o quarto da franquia Forza Horizon e o décimo primeiro da edição Forza', 'https://www.google.com/url?sa=i&url=https%3A%2F%2Fwww.tecmundo.com.br%2Fvoxel%2F192571-forza-horizon-4-ganha-criador-rotas-novas-missoes.htm&psig=AOvVaw2rZJjCm8tP43ZzGLKY5v12&ust=1669154704451000&sour', NULL, '2022-11-21', 'Ben Thaker-Fell', 16);

-- --------------------------------------------------------

--
-- Estrutura da tabela `jogo_idioma`
--

CREATE TABLE `jogo_idioma` (
  `id` int(11) NOT NULL,
  `id_jogo` int(11) NOT NULL,
  `id_idioma` int(11) NOT NULL
) ENGINE=InnoDB DEFAULT CHARSET=utf8mb4;

--
-- Extraindo dados da tabela `jogo_idioma`
--

INSERT INTO `jogo_idioma` (`id`, `id_jogo`, `id_idioma`) VALUES
(3, 1, 4);

-- --------------------------------------------------------

--
-- Estrutura da tabela `jogo_plataforma`
--

CREATE TABLE `jogo_plataforma` (
  `id` int(11) NOT NULL,
  `id_jogo` int(11) NOT NULL,
  `id_plataforma` int(11) NOT NULL
) ENGINE=InnoDB DEFAULT CHARSET=utf8mb4;

--
-- Extraindo dados da tabela `jogo_plataforma`
--

INSERT INTO `jogo_plataforma` (`id`, `id_jogo`, `id_plataforma`) VALUES
(3, 1, 3),
(6, 2, 3),
(10, 1, 4),
(11, 2, 4),
(18, 7, 7),
(25, 9, 3),
(26, 9, 4),
(27, 9, 5),
(28, 9, 6),
(29, 9, 7),
(40, 8, 3),
(42, 8, 4),
(43, 8, 6);

-- --------------------------------------------------------

--
-- Estrutura da tabela `mensagem_arquivada`
--

CREATE TABLE `mensagem_arquivada` (
  `id` int(11) NOT NULL,
  `nome` varchar(50) NOT NULL,
  `email` varchar(50) NOT NULL,
  `assunto` varchar(15) NOT NULL,
  `mensagem` longtext NOT NULL
) ENGINE=InnoDB DEFAULT CHARSET=utf8mb4;

--
-- Extraindo dados da tabela `mensagem_arquivada`
--

INSERT INTO `mensagem_arquivada` (`id`, `nome`, `email`, `assunto`, `mensagem`) VALUES
(10, 'Gustavo', 'gustavo09@gmail.com', 'duvida', 'teste10'),
(11, 'gustavo', 'joao@gmail.com', 'critica', 'Senac'),
(12, 'Senac', 'senac@senac', 'suporte', 'teste10'),
(13, 'sonia', 'teclado', 'sugestao', 'Lorem ipsum dolor sit amet, consectetur adipiscing elit. Sed nec congue turpis. Vivamus eleifend faucibus nulla. Integer viverra faucibus dictum. Etiam eget tortor diam. Duis consectetur metus lacus, vitae ultricies tortor dapibus in. Sed elit mi, accumsan at risus eget, viverra lobortis quam. Fusce hendrerit ipsum nec augue mattis, id efficitur justo cursus. Nullam eget posuere est. Proin eu diam nulla. Pellentesque habitant morbi tristique senectus et netus et malesuada fames ac turpis egestas.\r\n\r\nMaecenas eget lectus ex. Suspendisse ut metus pretium, bibendum leo non, gravida neque. Fusce ornare mattis ligula at dictum. Mauris massa odio, ullamcorper et interdum ut, luctus a nulla. Fusce finibus lobortis libero, tincidunt ultrices magna. Fusce venenatis turpis sed nisi ullamcorper tempus id in velit. Sed ornare sollicitudin ullamcorper. Aliquam erat volutpat. Mauris dapibus elit non sapien consequat aliquet. Proin luctus faucibus tellus sit amet mattis. Vestibulum ante ipsum primis in faucibus orci luctus et ultrices posuere cubilia curae; Suspendisse ultricies tristique ex a sagittis.\r\n\r\nAliquam feugiat, lorem in vehicula mattis, ipsum velit molestie felis, vitae congue mauris eros eget metus. Praesent tristique ligula mauris, non posuere lectus egestas non. Suspendisse non risus pulvinar, elementum tellus id, congue arcu. Cras non arcu et velit consequat placerat eget quis eros. Cras consectetur ornare bibendum. Quisque lacus ligula, ultrices a massa ac, efficitur ultricies nisi. Mauris accumsan in massa imperdiet elementum. Pellentesque habitant morbi tristique senectus et netus et malesuada fames ac turpis egestas. Donec ac sapien pretium, pellentesque enim sed, sagittis arcu. Aliquam placerat at nunc ut volutpat. Aenean non magna id nisl feugiat mattis. Vivamus at mi rhoncus, tempor orci ac, dignissim metus. Integer ut mi enim. Mauris nec libero libero. Nam gravida, eros nec bibendum pharetra, quam mi auctor magna, non suscipit nunc velit non magna.\r\n\r\nDuis non enim in justo auctor accumsan et a leo. Mauris quis molestie nulla. Aenean ut dignissim augue. Mauris id dictum nibh, sed tincidunt lorem. Sed consequat elit ut dapibus fringilla. Aliquam in justo non leo commodo dictum eu in arcu. Nam rhoncus ipsum at urna imperdiet viverra. Curabitur volutpat massa sed leo scelerisque commodo.\r\n\r\nNunc sit amet ligula non ex finibus luctus. Quisque accumsan tempus quam sit amet molestie. Etiam turpis turpis, ornare ut nisi gravida, auctor dictum metus. Nulla facilisi. Vivamus pellentesque vestibulum semper. Vivamus luctus cursus magna, a dapibus ante vulputate ac. Ut elementum varius nulla, eget hendrerit mauris viverra et. Proin lobortis faucibus erat vel sollicitudin. Quisque cursus velit in orci aliquam, ac laoreet quam varius. Class aptent taciti sociosqu ad litora torquent per conubia nostra, per inceptos himenaeos. Duis quis pellentesque ante. Ut molestie est mauris. Nulla auctor in arcu nec porta. Morbi finibus lectus vitae elit molestie congue.'),
(14, 'Lucas', 'Lucas@senac.com', 'duvida', 'Lorem ipsum dolor sit amet, consectetur adipiscing elit. Sed nec congue turpis. Vivamus eleifend faucibus nulla. Integer viverra faucibus dictum. Etiam eget tortor diam. Duis consectetur metus lacus, vitae ultricies tortor dapibus in. Sed elit mi, accumsan at risus eget, viverra lobortis quam. Fusce hendrerit ipsum nec augue mattis, id efficitur justo cursus. Nullam eget posuere est. Proin eu diam nulla. Pellentesque habitant morbi tristique senectus et netus et malesuada fames ac turpis egestas.\r\n\r\nMaecenas eget lectus ex. Suspendisse ut metus pretium, bibendum leo non, gravida neque. Fusce ornare mattis ligula at dictum. Mauris massa odio, ullamcorper et interdum ut, luctus a nulla. Fusce finibus lobortis libero, tincidunt ultrices magna. Fusce venenatis turpis sed nisi ullamcorper tempus id in velit. Sed ornare sollicitudin ullamcorper. Aliquam erat volutpat. Mauris dapibus elit non sapien consequat aliquet. Proin luctus faucibus tellus sit amet mattis. Vestibulum ante ipsum primis in faucibus orci luctus et ultrices posuere cubilia curae; Suspendisse ultricies tristique ex a sagittis.\r\n\r\nAliquam feugiat, lorem in vehicula mattis, ipsum velit molestie felis, vitae congue mauris eros eget metus. Praesent tristique ligula mauris, non posuere lectus egestas non. Suspendisse non risus pulvinar, elementum tellus id, congue arcu. Cras non arcu et velit consequat placerat eget quis eros. Cras consectetur ornare bibendum. Quisque lacus ligula, ultrices a massa ac, efficitur ultricies nisi. Mauris accumsan in massa imperdiet elementum. Pellentesque habitant morbi tristique senectus et netus et malesuada fames ac turpis egestas. Donec ac sapien pretium, pellentesque enim sed, sagittis arcu. Aliquam placerat at nunc ut volutpat. Aenean non magna id nisl feugiat mattis. Vivamus at mi rhoncus, tempor orci ac, dignissim metus. Integer ut mi enim. Mauris nec libero libero. Nam gravida, eros nec bibendum pharetra, quam mi auctor magna, non suscipit nunc velit non magna.\r\n\r\nDuis non enim in justo auctor accumsan et a leo. Mauris quis molestie nulla. Aenean ut dignissim augue. Mauris id dictum nibh, sed tincidunt lorem. Sed consequat elit ut dapibus fringilla. Aliquam in justo non leo commodo dictum eu in arcu. Nam rhoncus ipsum at urna imperdiet viverra. Curabitur volutpat massa sed leo scelerisque commodo.\r\n\r\nNunc sit amet ligula non ex finibus luctus. Quisque accumsan tempus quam sit amet molestie. Etiam turpis turpis, ornare ut nisi gravida, auctor dictum metus. Nulla facilisi. Vivamus pellentesque vestibulum semper. Vivamus luctus cursus magna, a dapibus ante vulputate ac. Ut elementum varius nulla, eget hendrerit mauris viverra et. Proin lobortis faucibus erat vel sollicitudin. Quisque cursus velit in orci aliquam, ac laoreet quam varius. Class aptent taciti sociosqu ad litora torquent per conubia nostra, per inceptos himenaeos. Duis quis pellentesque ante. Ut molestie est mauris. Nulla auctor in arcu nec porta. Morbi finibus lectus vitae elit molestie congue.'),
(15, 'joao', 'joao@gmail.com', 'critica', 'teste20'),
(16, 'Ricardo', 'senac@senac', 'duvida', 'Lorem ipsum dolor sit amet, consectetur adipiscing elit. Phasellus iaculis lobortis eros vitae fermentum. Sed elementum lorem et augue congue, vitae cursus tellus iaculis. Nunc eu mauris ac arcu rutrum malesuada vel vitae risus. Phasellus facilisis elit nulla, non consectetur tellus tincidunt vel. Mauris vel mollis turpis. Nunc dignissim hendrerit justo, iaculis fermentum diam congue id. Donec in tortor id est iaculis egestas sed at nunc. Proin vehicula consectetur finibus. Mauris in diam malesuada, luctus est quis, cursus metus. Morbi nec nibh in neque facilisis consectetur. Suspendisse ut dolor augue. Pellentesque in diam non purus volutpat varius eget eget eros. Nam viverra dolor quis eros tempus, et auctor dui consequat. Phasellus tellus mauris, vulputate non efficitur sed, facilisis maximus augue. Nunc et leo leo.\r\n\r\nPraesent eleifend nisl auctor velit egestas mattis. Proin lacinia ipsum tortor, et pulvinar eros laoreet in. Fusce pellentesque justo ante, at laoreet nisl accumsan eget. Praesent convallis dapibus aliquam. Ut maximus quis metus ultrices suscipit. Nam fermentum elit vitae risus mattis, sed maximus velit commodo. Etiam tempus dignissim mi id sodales. Nunc id eros maximus, rhoncus mauris et, elementum eros. Donec auctor, magna sit amet rhoncus porttitor, felis turpis placerat nisi, id eleifend lectus justo sed elit. Donec non nulla commodo, maximus metus at, fringilla ligula. Maecenas ligula mauris, volutpat vel purus in, efficitur placerat odio. Fusce fermentum commodo ligula, pulvinar tristique lorem mollis aliquet.\r\n\r\nPraesent finibus magna id nunc fringilla, bibendum pulvinar sapien sodales. Suspendisse hendrerit sollicitudin rutrum. Nullam sodales sem sit amet cursus commodo. Fusce ornare risus purus. Vivamus vitae lobortis risus. Duis varius efficitur tempus. Sed blandit eleifend lacus id ornare. Donec ultrices iaculis consectetur. Donec lacus nisl, iaculis nec vehicula non, bibendum eu elit. Phasellus suscipit nunc ipsum, ut tempor lectus laoreet ut. Vivamus vehicula tempus semper. Fusce porta eros a neque pellentesque congue. Donec accumsan feugiat mattis. Etiam lacinia tincidunt mauris id placerat. Aliquam ut porta ligula. Fusce eget turpis nec nulla vehicula aliquet vitae quis metus.\r\n\r\nInteger ac molestie sapien. Nunc congue, dolor eget feugiat euismod, augue nisl ultrices mi, faucibus imperdiet eros elit sed ligula. Nullam accumsan interdum odio eu suscipit. Praesent dignissim tincidunt posuere. Etiam consequat ultrices fermentum. Sed ultricies, risus euismod vestibulum tempus, enim arcu semper neque, sed lobortis leo dolor a libero. Nullam consequat tempor leo eget posuere. Cras a tincidunt eros. In felis diam, pulvinar in semper vitae, condimentum vel ligula. In justo augue, sollicitudin sit amet pulvinar et, venenatis nec quam. Donec id est vitae urna rhoncus facilisis eu sed sem. Praesent turpis risus, pellentesque sed euismod in, dictum ut metus. Aenean scelerisque neque sed ornare fermentum.\r\n\r\nVestibulum ipsum augue, facilisis a sapien ac, consequat rhoncus dui. Aenean eu metus sed diam facilisis laoreet vel sed dolor. Ut quis ex in nisl lobortis vehicula eget in neque. Morbi ut dignissim elit. Duis volutpat porttitor elementum. Donec justo urna, mollis sit amet porta ut, vehicula non purus. Nullam maximus eros quis interdum faucibus. Suspendisse convallis dolor et purus accumsan consequat. Proin varius nulla lectus, quis molestie turpis tristique vitae. Aliquam eleifend lectus nec nulla sodales faucibus. Morbi vel lacus metus. Suspendisse vehicula magna eu leo feugiat lobortis. Proin quis facilisis magna.\r\n\r\nVestibulum ante ipsum primis in faucibus orci luctus et ultrices posuere cubilia curae; Mauris hendrerit facilisis dignissim. Morbi euismod erat sed congue vulputate. Ut eget pharetra enim. Donec tincidunt pretium sem, ut vehicula mi volutpat nec. Etiam id vulputate leo. Maecenas at arcu non neque iaculis molestie. Morbi iaculis cursus sapien, eget porta tellus. Morbi sed placerat risus. Proin a commodo sapien, ac sollicitudin nunc. Donec eget tortor ut libero dictum congue pharetra sit amet ligula. Fusce facilisis risus vel purus aliquet porttitor. Phasellus ac tellus luctus, vestibulum metus vitae, dictum purus. Sed porta dictum massa eget rutrum.\r\n\r\nPellentesque habitant morbi tristique senectus et netus et malesuada fames ac turpis egestas. Maecenas feugiat varius mauris, ut egestas sapien faucibus blandit. Proin a blandit tellus, sagittis pellentesque risus. Etiam accumsan massa ac metus imperdiet, at sagittis nisl lacinia. Fusce rutrum finibus mi ut feugiat. Sed maximus congue neque, ut pharetra dui lacinia in. Sed blandit lobortis iaculis. Morbi venenatis, odio sit amet pharetra ultricies, purus velit mattis justo, non vulputate lacus arcu et orci. Fusce id ipsum faucibus, posuere arcu sit amet, imperdiet purus. Cras cursus fringilla lorem id vulputate. Aenean eu turpis lectus.\r\n\r\nDuis eget nisi nec felis vehicula pulvinar. Phasellus pharetra, diam at sodales consequat, elit eros feugiat justo, quis gravida odio ex et odio. Integer dignissim in ligula quis tristique. Sed imperdiet, elit at mattis finibus, ligula metus cursus odio, quis euismod lacus est id nisl. Duis faucibus ex sit amet magna tristique sollicitudin. Mauris maximus elit velit, non laoreet ex molestie sit amet. Vestibulum vitae arcu in ante vehicula egestas sit amet ac neque. Cras in tellus lectus.\r\n\r\nAenean pharetra, lacus eget porta gravida, velit tortor euismod mauris, ut suscipit nisl neque sed neque. Quisque elementum vestibulum consectetur. Vestibulum quam nisi, suscipit in magna luctus, consectetur sodales justo. Quisque feugiat ultricies semper. Pellentesque pellentesque efficitur lorem, eget finibus sapien mattis at. Nunc ac imperdiet elit, vitae euismod odio. Cras auctor, odio vel eleifend tristique, mauris massa egestas augue, sit amet tristique quam mi eu ante. Curabitur massa sem, vulputate sed lacus non, fringilla ullamcorper elit. Nulla facilisi. Fusce a accumsan odio.\r\n\r\nMaecenas eu metus ac sem feugiat varius eu vel nibh. Praesent eget lacus ut ligula mollis sollicitudin laoreet ut nunc. Pellentesque convallis magna risus, nec ultricies lacus vulputate eu. Praesent feugiat nisl sapien, ut aliquam nulla ornare sit amet. Donec vel scelerisque mi. Maecenas mollis tortor porttitor, consectetur sem in, tempus sapien. Ut fermentum tellus vitae mi imperdiet hendrerit. Duis blandit purus vel sollicitudin fringilla. Mauris vitae dignissim velit.'),
(17, 'gustavo', 'gustavo', 'sugestao', 'teste'),
(18, 'gustavo', 'teclado@gmail.com', 'critica', 'Lorem ipsum dolor sit amet, consectetur adipiscing elit. Maecenas vel orci nunc. Pellentesque elit mi, fermentum id pulvinar ac, luctus vitae nisi. Vestibulum eros elit, ultricies quis facilisis vehicula, vulputate sit amet nunc. Praesent viverra mollis purus ut sodales. Nulla sit amet felis aliquet, malesuada felis nec, volutpat dui. Vestibulum nulla leo, pretium quis tortor a, mattis mattis dui. Nulla quis magna ut sapien laoreet fermentum ac finibus sapien. Sed accumsan eros turpis, a consectetur risus iaculis eu. Vivamus enim arcu, congue ut viverra eu, sollicitudin eu odio. Phasellus vehicula ullamcorper ante non ultrices. Nunc vestibulum efficitur efficitur.\r\n\r\nProin lacinia accumsan ligula, nec pellentesque felis sollicitudin at. Nullam auctor vestibulum sem tincidunt aliquam. Integer tristique ac dolor eu sodales. Maecenas aliquet quam quis commodo consectetur. Vestibulum id metus dictum, mattis risus vitae, feugiat orci. Sed at velit sed eros finibus pharetra sed in sem. Curabitur et nulla sed sem varius semper. Maecenas lacinia quis libero id tincidunt.\r\n\r\nSed tristique ipsum sed tellus aliquet mattis. Vestibulum egestas volutpat dapibus. Curabitur volutpat at dui sit amet scelerisque. In hac habitasse platea dictumst. Suspendisse pharetra tincidunt mollis. Suspendisse potenti. Praesent mi odio, porttitor id nunc id, sollicitudin sollicitudin nulla. Etiam ullamcorper lacinia turpis, id gravida tellus rutrum ut.\r\n\r\nNullam tempus nibh ac vestibulum commodo. In maximus diam hendrerit odio accumsan hendrerit. Nunc luctus mi mattis libero egestas efficitur. Morbi arcu nisl, tincidunt ac enim eu, vulputate efficitur nibh. Curabitur ut fringilla nulla. Nam faucibus ut urna ut iaculis. Nunc iaculis velit vitae lacus luctus, eu gravida justo consectetur. Proin in orci in lacus ultrices euismod. Phasellus quis purus ac ex interdum ultricies non eleifend urna. Etiam id est felis. Maecenas orci risus, luctus ac aliquet vel, iaculis blandit felis. Nullam fringilla arcu sed nisl auctor commodo. Aenean a turpis vel nunc venenatis vestibulum eu ac diam. Nam ullamcorper ex nec eros fringilla, ut vulputate ligula mattis. Pellentesque nec nibh ac dolor lacinia tincidunt et id enim.\r\n\r\nProin ac orci eget sem malesuada efficitur. Maecenas fringilla hendrerit velit, ac pharetra risus dictum eu. Cras tincidunt condimentum quam, elementum ultricies massa pellentesque sed. Praesent elementum molestie orci. Class aptent taciti sociosqu ad litora torquent per conubia nostra, per inceptos himenaeos. Pellentesque varius magna eu justo pellentesque, vitae sodales lorem aliquam. Phasellus feugiat, felis vel scelerisque fermentum, ligula risus efficitur erat, quis fermentum lacus ipsum ornare mauris. Curabitur laoreet aliquam dui eget rutrum. Nam aliquam quam vel sapien congue, a sagittis metus suscipit. Aliquam rutrum vitae tellus vel dictum. Sed luctus pellentesque elit, eu pellentesque urna vulputate at. Duis vestibulum lobortis erat.\r\n\r\nPraesent faucibus lacus sit amet dapibus lacinia. Nunc libero sapien, semper quis augue quis, venenatis pulvinar lectus. Maecenas cursus, nunc non vestibulum venenatis, nunc neque eleifend enim, at tempus elit nulla sit amet libero. Pellentesque cursus laoreet justo, vel scelerisque mi euismod in. Sed semper, sapien hendrerit fermentum ultricies, leo nulla blandit diam, sed commodo nunc lectus fringilla velit. In hac habitasse platea dictumst. Aliquam erat volutpat. Maecenas odio velit, rutrum sit amet egestas quis, rutrum ut lectus. Nam sapien felis, malesuada sollicitudin purus a, interdum dictum odio. In imperdiet mi ut turpis tempor maximus. Phasellus sit amet mauris id orci interdum egestas nec ac turpis. Nam enim mi, rutrum vitae ullamcorper id, pulvinar in ante. Quisque vehicula nec ipsum eget consectetur. Morbi sed lectus in dui mollis condimentum a id velit. Aenean eu ultrices leo, accumsan sollicitudin orci.\r\n\r\nSed at malesuada justo. Etiam commodo, est sed accumsan dictum, nunc neque fermentum elit, in lacinia ante arcu nec augue. Suspendisse malesuada ligula vel congue bibendum. Ut tincidunt augue vitae dignissim vehicula. Sed vitae tortor consequat, aliquam dui quis, fermentum lacus. Maecenas quis porta ante. Quisque a massa lectus. Mauris laoreet lectus eget mi aliquam, ac fermentum arcu vehicula.\r\n\r\nVivamus vitae congue mauris, vel blandit felis. Nunc elementum lorem in nisi viverra, ac maximus sem dictum. Cras ultrices molestie velit, et congue augue scelerisque sit amet. Quisque dignissim ligula ipsum, et consequat magna rutrum nec. Fusce rutrum eros in est fermentum fringilla accumsan sit amet tortor. Fusce iaculis sit amet purus ac fermentum. Morbi bibendum ante sem, et lobortis ex tristique sed. Cras at enim sem. In tincidunt arcu id sapien rutrum, vitae vulputate purus tincidunt. Nullam est metus, dapibus semper viverra ac, pellentesque interdum dui. In hac habitasse platea dictumst. Aliquam mattis leo ut orci porttitor luctus. Mauris iaculis a odio nec laoreet.\r\n\r\nSuspendisse potenti. Donec id nisl eget orci blandit accumsan ac laoreet erat. Morbi ut pretium nisl, vel condimentum erat. Nunc elementum arcu ac egestas bibendum. Cras ut ullamcorper nunc. Fusce eget nulla hendrerit, lacinia sem vitae, dapibus enim. Nulla in massa nec odio maximus euismod eget vel lectus. Ut vulputate augue vel dolor laoreet, id euismod sem porttitor. Curabitur quis dignissim massa, id egestas quam. Etiam quis mattis felis. In vel placerat mi. Aliquam erat volutpat. Praesent lobortis rutrum suscipit. Phasellus velit sapien, accumsan mollis fringilla a, ornare eu est.\r\n\r\nNulla blandit ex tincidunt consequat rutrum. Donec sit amet ipsum urna. Aenean eget velit id mi fermentum consectetur. Ut nec commodo odio. Suspendisse in rutrum erat, eu convallis arcu. Nulla interdum libero nec quam ullamcorper, eu fermentum dui porttitor. Quisque ultrices sed risus eget ultrices. Integer id semper purus. Vestibulum nec est imperdiet, posuere lectus vel, pulvinar ipsum. In volutpat vitae odio nec semper. Etiam risus elit, accumsan mollis sapien eget, imperdiet ultricies odio. Quisque sodales, lorem ut iaculis posuere, justo nisi iaculis erat, non facilisis nulla erat a lorem. Nam pellentesque nulla eget mollis condimentum. Aenean tincidunt pellentesque elementum.\r\n\r\nNulla aliquam nisl eu quam pharetra interdum. Nullam laoreet erat ut sodales ullamcorper. Pellentesque dapibus id mi vel congue. Cras ac finibus lacus, sit amet facilisis nunc. Nulla facilisi. Morbi hendrerit sit amet lorem in laoreet. Quisque metus dui, lobortis sit amet risus vitae, ullamcorper interdum leo. Nulla eu tortor sed ligula sodales semper eu at neque. Phasellus vel ipsum eget turpis hendrerit egestas. Sed luctus vitae neque et malesuada. Donec ultrices at tortor sit amet condimentum. Ut ultricies nunc arcu, placerat aliquet erat facilisis sit amet. Mauris dignissim mi quis velit placerat, sit amet dapibus turpis sagittis.\r\n\r\nDuis vitae nulla orci. In hac habitasse platea dictumst. Phasellus eu elit ut ipsum viverra varius. Integer pretium scelerisque dui vitae porta. Curabitur luctus ante non sapien fermentum, ac fringilla leo pellentesque. Vestibulum mollis ante at elit aliquam, vel maximus leo facilisis. Ut nec dui sed arcu pretium egestas. Etiam ac tortor risus. Praesent ultricies, lacus ac malesuada tincidunt, mi arcu hendrerit mi, eu auctor velit turpis ut diam.\r\n\r\nDonec in tortor purus. Donec ipsum ante, luctus a turpis nec, blandit euismod dui. Morbi sit amet dictum eros. Maecenas semper suscipit nunc, ac pulvinar lacus. Vestibulum placerat ultricies odio, at fermentum neque pulvinar at. Sed et velit id nisl ultricies ultrices. In et ligula scelerisque, varius orci non, pretium quam. Nulla ornare vehicula velit, a porta metus interdum quis. Morbi ornare diam vel malesuada congue. Duis ut ultricies nisl, vitae sollicitudin turpis. Ut et lectus ac elit posuere elementum pretium sed felis. Vivamus dignissim eros ac pharetra laoreet.\r\n\r\nNam et ex ullamcorper arcu vulputate varius. Proin luctus faucibus augue quis rutrum. Nunc at eros a urna sollicitudin elementum sit amet eu metus. Curabitur et cursus tortor. Proin convallis magna tortor. Etiam risus nisi, vestibulum in lectus in, lobortis fermentum leo. Curabitur faucibus ex vitae dui porta dictum ac ut felis. Donec mollis nunc non nisi aliquet, ac ullamcorper nunc luctus. Morbi ut neque sit amet arcu egestas vestibulum eu eget augue.\r\n\r\nAliquam erat volutpat. Nunc est lorem, aliquet eu ex nec, viverra tincidunt tortor. In semper fermentum ultricies. Vestibulum tristique molestie lacus, id ullamcorper erat eleifend at. Ut tincidunt laoreet dui, sit amet pellentesque nisl viverra a. Donec iaculis ex et ex egestas pretium. Curabitur dapibus malesuada arcu non dapibus.\r\n\r\nAenean in gravida nisi, ut bibendum lectus. Sed posuere lacus auctor consectetur egestas. Nulla egestas convallis pharetra. Aliquam erat volutpat. Vestibulum leo massa, congue posuere mi sed, pharetra cursus leo. Sed quis orci a ipsum scelerisque dapibus vel sed neque. Ut vitae massa nec ligula fringilla semper quis sed risus. Pellentesque consectetur feugiat hendrerit. Aliquam condimentum sit amet elit vitae molestie.\r\n\r\nVestibulum leo odio, ornare ut elit commodo, ullamcorper sollicitudin enim. Maecenas vitae neque finibus, sodales ante sit amet, volutpat ligula. Donec et nisi fermentum, fermentum tellus vel, lacinia enim. Vivamus tincidunt lorem ut neque consectetur feugiat. Proin venenatis dictum sodales. Fusce efficitur gravida congue. Nullam vitae feugiat odio, ac suscipit nibh. Sed sodales sed diam et pharetra. Donec porta cursus metus, in scelerisque felis varius tempus. Nulla commodo lobortis augue, sit amet faucibus arcu dapibus sit amet. Interdum et malesuada fames ac ante ipsum primis in faucibus.\r\n\r\nVivamus rhoncus vehicula elit, ut vulputate est. Pellentesque volutpat quam mollis, interdum augue ut, imperdiet ante. Suspendisse sed turpis congue, sollicitudin arcu sit amet, dapibus justo. Phasellus porta ornare sodales. Vestibulum ornare nulla ut leo venenatis, sed condimentum tellus rhoncus. Cras rhoncus, diam in laoreet mollis, lacus elit rhoncus dolor, tristique eleifend tellus lacus vitae felis. Nulla maximus dolor fringilla neque efficitur, ut rhoncus elit lobortis. Sed interdum turpis at venenatis faucibus. Donec tincidunt interdum vulputate. Curabitur in neque id felis eleifend porta sed et augue. Maecenas mi leo, blandit sit amet ornare in, posuere sed nisl. Cras at volutpat ligula, vitae interdum turpis. Nam consectetur pellentesque sollicitudin.\r\n\r\nVivamus eget maximus lacus. Curabitur vehicula ante vel ultricies posuere. Sed sed luctus velit. Quisque iaculis diam ut lacinia pretium. Vivamus vitae neque in diam feugiat ullamcorper. Praesent tempor erat nec magna accumsan sagittis. Pellentesque tincidunt, mauris vel pretium facilisis, urna augue auctor diam, quis sodales lacus ligula sed neque.\r\n\r\nCras egestas semper nisl sed lobortis. Nunc sodales faucibus nunc, ut egestas nunc. Donec turpis massa, dictum in ultrices at, volutpat lobortis libero. Vestibulum eget dictum lorem, eu porta dolor. Maecenas elementum, risus a tincidunt facilisis, nisl lorem fermentum orci, eu dictum lacus turpis nec magna. Praesent nec fringilla lacus, nec pretium nulla. Mauris accumsan eros ut aliquet eleifend. Ut nec vestibulum turpis.'),
(19, 'gustavo', 'gustavo@senac.com', 'critica', 'Lorem ipsum dolor sit amet, consectetur adipiscing elit. Maecenas vel orci nunc. Pellentesque elit mi, fermentum id pulvinar ac, luctus vitae nisi. Vestibulum eros elit, ultricies quis facilisis vehicula, vulputate sit amet nunc. Praesent viverra mollis purus ut sodales. Nulla sit amet felis aliquet, malesuada felis nec, volutpat dui. Vestibulum nulla leo, pretium quis tortor a, mattis mattis dui. Nulla quis magna ut sapien laoreet fermentum ac finibus sapien. Sed accumsan eros turpis, a consectetur risus iaculis eu. Vivamus enim arcu, congue ut viverra eu, sollicitudin eu odio. Phasellus vehicula ullamcorper ante non ultrices. Nunc vestibulum efficitur efficitur.\r\n\r\nProin lacinia accumsan ligula, nec pellentesque felis sollicitudin at. Nullam auctor vestibulum sem tincidunt aliquam. Integer tristique ac dolor eu sodales. Maecenas aliquet quam quis commodo consectetur. Vestibulum id metus dictum, mattis risus vitae, feugiat orci. Sed at velit sed eros finibus pharetra sed in sem. Curabitur et nulla sed sem varius semper. Maecenas lacinia quis libero id tincidunt.\r\n\r\nSed tristique ipsum sed tellus aliquet mattis. Vestibulum egestas volutpat dapibus. Curabitur volutpat at dui sit amet scelerisque. In hac habitasse platea dictumst. Suspendisse pharetra tincidunt mollis. Suspendisse potenti. Praesent mi odio, porttitor id nunc id, sollicitudin sollicitudin nulla. Etiam ullamcorper lacinia turpis, id gravida tellus rutrum ut.\r\n\r\nNullam tempus nibh ac vestibulum commodo. In maximus diam hendrerit odio accumsan hendrerit. Nunc luctus mi mattis libero egestas efficitur. Morbi arcu nisl, tincidunt ac enim eu, vulputate efficitur nibh. Curabitur ut fringilla nulla. Nam faucibus ut urna ut iaculis. Nunc iaculis velit vitae lacus luctus, eu gravida justo consectetur. Proin in orci in lacus ultrices euismod. Phasellus quis purus ac ex interdum ultricies non eleifend urna. Etiam id est felis. Maecenas orci risus, luctus ac aliquet vel, iaculis blandit felis. Nullam fringilla arcu sed nisl auctor commodo. Aenean a turpis vel nunc venenatis vestibulum eu ac diam. Nam ullamcorper ex nec eros fringilla, ut vulputate ligula mattis. Pellentesque nec nibh ac dolor lacinia tincidunt et id enim.\r\n\r\nProin ac orci eget sem malesuada efficitur. Maecenas fringilla hendrerit velit, ac pharetra risus dictum eu. Cras tincidunt condimentum quam, elementum ultricies massa pellentesque sed. Praesent elementum molestie orci. Class aptent taciti sociosqu ad litora torquent per conubia nostra, per inceptos himenaeos. Pellentesque varius magna eu justo pellentesque, vitae sodales lorem aliquam. Phasellus feugiat, felis vel scelerisque fermentum, ligula risus efficitur erat, quis fermentum lacus ipsum ornare mauris. Curabitur laoreet aliquam dui eget rutrum. Nam aliquam quam vel sapien congue, a sagittis metus suscipit. Aliquam rutrum vitae tellus vel dictum. Sed luctus pellentesque elit, eu pellentesque urna vulputate at. Duis vestibulum lobortis erat.\r\n\r\nPraesent faucibus lacus sit amet dapibus lacinia. Nunc libero sapien, semper quis augue quis, venenatis pulvinar lectus. Maecenas cursus, nunc non vestibulum venenatis, nunc neque eleifend enim, at tempus elit nulla sit amet libero. Pellentesque cursus laoreet justo, vel scelerisque mi euismod in. Sed semper, sapien hendrerit fermentum ultricies, leo nulla blandit diam, sed commodo nunc lectus fringilla velit. In hac habitasse platea dictumst. Aliquam erat volutpat. Maecenas odio velit, rutrum sit amet egestas quis, rutrum ut lectus. Nam sapien felis, malesuada sollicitudin purus a, interdum dictum odio. In imperdiet mi ut turpis tempor maximus. Phasellus sit amet mauris id orci interdum egestas nec ac turpis. Nam enim mi, rutrum vitae ullamcorper id, pulvinar in ante. Quisque vehicula nec ipsum eget consectetur. Morbi sed lectus in dui mollis condimentum a id velit. Aenean eu ultrices leo, accumsan sollicitudin orci.\r\n\r\nSed at malesuada justo. Etiam commodo, est sed accumsan dictum, nunc neque fermentum elit, in lacinia ante arcu nec augue. Suspendisse malesuada ligula vel congue bibendum. Ut tincidunt augue vitae dignissim vehicula. Sed vitae tortor consequat, aliquam dui quis, fermentum lacus. Maecenas quis porta ante. Quisque a massa lectus. Mauris laoreet lectus eget mi aliquam, ac fermentum arcu vehicula.\r\n\r\nVivamus vitae congue mauris, vel blandit felis. Nunc elementum lorem in nisi viverra, ac maximus sem dictum. Cras ultrices molestie velit, et congue augue scelerisque sit amet. Quisque dignissim ligula ipsum, et consequat magna rutrum nec. Fusce rutrum eros in est fermentum fringilla accumsan sit amet tortor. Fusce iaculis sit amet purus ac fermentum. Morbi bibendum ante sem, et lobortis ex tristique sed. Cras at enim sem. In tincidunt arcu id sapien rutrum, vitae vulputate purus tincidunt. Nullam est metus, dapibus semper viverra ac, pellentesque interdum dui. In hac habitasse platea dictumst. Aliquam mattis leo ut orci porttitor luctus. Mauris iaculis a odio nec laoreet.\r\n\r\nSuspendisse potenti. Donec id nisl eget orci blandit accumsan ac laoreet erat. Morbi ut pretium nisl, vel condimentum erat. Nunc elementum arcu ac egestas bibendum. Cras ut ullamcorper nunc. Fusce eget nulla hendrerit, lacinia sem vitae, dapibus enim. Nulla in massa nec odio maximus euismod eget vel lectus. Ut vulputate augue vel dolor laoreet, id euismod sem porttitor. Curabitur quis dignissim massa, id egestas quam. Etiam quis mattis felis. In vel placerat mi. Aliquam erat volutpat. Praesent lobortis rutrum suscipit. Phasellus velit sapien, accumsan mollis fringilla a, ornare eu est.\r\n\r\nNulla blandit ex tincidunt consequat rutrum. Donec sit amet ipsum urna. Aenean eget velit id mi fermentum consectetur. Ut nec commodo odio. Suspendisse in rutrum erat, eu convallis arcu. Nulla interdum libero nec quam ullamcorper, eu fermentum dui porttitor. Quisque ultrices sed risus eget ultrices. Integer id semper purus. Vestibulum nec est imperdiet, posuere lectus vel, pulvinar ipsum. In volutpat vitae odio nec semper. Etiam risus elit, accumsan mollis sapien eget, imperdiet ultricies odio. Quisque sodales, lorem ut iaculis posuere, justo nisi iaculis erat, non facilisis nulla erat a lorem. Nam pellentesque nulla eget mollis condimentum. Aenean tincidunt pellentesque elementum.\r\n\r\nNulla aliquam nisl eu quam pharetra interdum. Nullam laoreet erat ut sodales ullamcorper. Pellentesque dapibus id mi vel congue. Cras ac finibus lacus, sit amet facilisis nunc. Nulla facilisi. Morbi hendrerit sit amet lorem in laoreet. Quisque metus dui, lobortis sit amet risus vitae, ullamcorper interdum leo. Nulla eu tortor sed ligula sodales semper eu at neque. Phasellus vel ipsum eget turpis hendrerit egestas. Sed luctus vitae neque et malesuada. Donec ultrices at tortor sit amet condimentum. Ut ultricies nunc arcu, placerat aliquet erat facilisis sit amet. Mauris dignissim mi quis velit placerat, sit amet dapibus turpis sagittis.\r\n\r\nDuis vitae nulla orci. In hac habitasse platea dictumst. Phasellus eu elit ut ipsum viverra varius. Integer pretium scelerisque dui vitae porta. Curabitur luctus ante non sapien fermentum, ac fringilla leo pellentesque. Vestibulum mollis ante at elit aliquam, vel maximus leo facilisis. Ut nec dui sed arcu pretium egestas. Etiam ac tortor risus. Praesent ultricies, lacus ac malesuada tincidunt, mi arcu hendrerit mi, eu auctor velit turpis ut diam.\r\n\r\nDonec in tortor purus. Donec ipsum ante, luctus a turpis nec, blandit euismod dui. Morbi sit amet dictum eros. Maecenas semper suscipit nunc, ac pulvinar lacus. Vestibulum placerat ultricies odio, at fermentum neque pulvinar at. Sed et velit id nisl ultricies ultrices. In et ligula scelerisque, varius orci non, pretium quam. Nulla ornare vehicula velit, a porta metus interdum quis. Morbi ornare diam vel malesuada congue. Duis ut ultricies nisl, vitae sollicitudin turpis. Ut et lectus ac elit posuere elementum pretium sed felis. Vivamus dignissim eros ac pharetra laoreet.\r\n\r\nNam et ex ullamcorper arcu vulputate varius. Proin luctus faucibus augue quis rutrum. Nunc at eros a urna sollicitudin elementum sit amet eu metus. Curabitur et cursus tortor. Proin convallis magna tortor. Etiam risus nisi, vestibulum in lectus in, lobortis fermentum leo. Curabitur faucibus ex vitae dui porta dictum ac ut felis. Donec mollis nunc non nisi aliquet, ac ullamcorper nunc luctus. Morbi ut neque sit amet arcu egestas vestibulum eu eget augue.\r\n\r\nAliquam erat volutpat. Nunc est lorem, aliquet eu ex nec, viverra tincidunt tortor. In semper fermentum ultricies. Vestibulum tristique molestie lacus, id ullamcorper erat eleifend at. Ut tincidunt laoreet dui, sit amet pellentesque nisl viverra a. Donec iaculis ex et ex egestas pretium. Curabitur dapibus malesuada arcu non dapibus.\r\n\r\nAenean in gravida nisi, ut bibendum lectus. Sed posuere lacus auctor consectetur egestas. Nulla egestas convallis pharetra. Aliquam erat volutpat. Vestibulum leo massa, congue posuere mi sed, pharetra cursus leo. Sed quis orci a ipsum scelerisque dapibus vel sed neque. Ut vitae massa nec ligula fringilla semper quis sed risus. Pellentesque consectetur feugiat hendrerit. Aliquam condimentum sit amet elit vitae molestie.\r\n\r\nVestibulum leo odio, ornare ut elit commodo, ullamcorper sollicitudin enim. Maecenas vitae neque finibus, sodales ante sit amet, volutpat ligula. Donec et nisi fermentum, fermentum tellus vel, lacinia enim. Vivamus tincidunt lorem ut neque consectetur feugiat. Proin venenatis dictum sodales. Fusce efficitur gravida congue. Nullam vitae feugiat odio, ac suscipit nibh. Sed sodales sed diam et pharetra. Donec porta cursus metus, in scelerisque felis varius tempus. Nulla commodo lobortis augue, sit amet faucibus arcu dapibus sit amet. Interdum et malesuada fames ac ante ipsum primis in faucibus.\r\n\r\nVivamus rhoncus vehicula elit, ut vulputate est. Pellentesque volutpat quam mollis, interdum augue ut, imperdiet ante. Suspendisse sed turpis congue, sollicitudin arcu sit amet, dapibus justo. Phasellus porta ornare sodales. Vestibulum ornare nulla ut leo venenatis, sed condimentum tellus rhoncus. Cras rhoncus, diam in laoreet mollis, lacus elit rhoncus dolor, tristique eleifend tellus lacus vitae felis. Nulla maximus dolor fringilla neque efficitur, ut rhoncus elit lobortis. Sed interdum turpis at venenatis faucibus. Donec tincidunt interdum vulputate. Curabitur in neque id felis eleifend porta sed et augue. Maecenas mi leo, blandit sit amet ornare in, posuere sed nisl. Cras at volutpat ligula, vitae interdum turpis. Nam consectetur pellentesque sollicitudin.\r\n\r\nVivamus eget maximus lacus. Curabitur vehicula ante vel ultricies posuere. Sed sed luctus velit. Quisque iaculis diam ut lacinia pretium. Vivamus vitae neque in diam feugiat ullamcorper. Praesent tempor erat nec magna accumsan sagittis. Pellentesque tincidunt, mauris vel pretium facilisis, urna augue auctor diam, quis sodales lacus ligula sed neque.\r\n\r\nCras egestas semper nisl sed lobortis. Nunc sodales faucibus nunc, ut egestas nunc. Donec turpis massa, dictum in ultrices at, volutpat lobortis libero. Vestibulum eget dictum lorem, eu porta dolor. Maecenas elementum, risus a tincidunt facilisis, nisl lorem fermentum orci, eu dictum lacus turpis nec magna. Praesent nec fringilla lacus, nec pretium nulla. Mauris accumsan eros ut aliquet eleifend. Ut nec vestibulum turpis.'),
(20, 'soraia ', 'bacia@gmail.com', 'elogio', 'Bacon ipsum dolor amet boudin tri-tip pork chop swine shoulder, chislic porchetta t-bone turducken leberkas tongue. Jerky burgdoggen frankfurter, meatloaf buffalo ham pancetta shank venison ball tip ham hock filet mignon sausage sirloin shankle. Fatback ham hock short loin, turkey bacon pastrami drumstick capicola tongue tri-tip t-bone prosciutto. Jerky boudin frankfurter venison, turducken buffalo porchetta shoulder. Jerky shank shoulder, spare ribs frankfurter brisket sirloin tongue. Shank strip steak andouille meatball, leberkas corned beef buffalo. Chicken ball tip beef ribs drumstick.\r\n\r\nFatback pancetta biltong, kevin chuck hamburger bresaola andouille shoulder ham hock strip steak. Buffalo porchetta cupim alcatra shank. Bresaola buffalo porchetta tail short loin pork loin, hamburger sirloin pork andouille. Andouille rump alcatra drumstick, jerky ground round salami turkey. Fatback boudin bresaola strip steak buffalo t-bone spare ribs tenderloin prosciutto pork belly, doner short ribs.\r\n\r\nRibeye sirloin salami bresaola t-bone prosciutto strip steak pancetta tri-tip hamburger chislic pastrami cupim. Cupim chicken pancetta tongue tri-tip short loin salami. Leberkas ribeye shankle brisket boudin, corned beef burgdoggen drumstick strip steak sirloin picanha ham hock pastrami flank. Picanha andouille drumstick venison, shoulder chicken tongue spare ribs swine burgdoggen fatback. Pork pork belly porchetta pork loin, pastrami frankfurter venison meatball flank buffalo tongue prosciutto t-bone bresaola.\r\n\r\nJowl filet mignon brisket jerky hamburger tri-tip spare ribs doner porchetta boudin capicola. Corned beef ball tip landjaeger, tenderloin chicken jerky fatback ham hock biltong kielbasa. Kielbasa shank prosciutto meatloaf. Cow flank pastrami, short ribs drumstick kielbasa fatback sirloin short loin meatloaf filet mignon beef ribs strip steak.\r\n\r\nPorchetta capicola pork loin, drumstick meatball shank jerky short ribs shankle filet mignon chicken. Jowl short ribs shoulder ham. Tongue buffalo pastrami kevin kielbasa venison, chislic meatloaf ribeye ham sirloin t-bone ground round. Cow spare ribs beef ribs turducken alcatra jerky pancetta corned beef beef fatback strip steak kielbasa leberkas tail shoulder. Pork belly spare ribs capicola burgdoggen drumstick bacon chuck. Drumstick jerky kevin beef ribs porchetta doner ham turducken sausage. Cupim capicola cow, pork chop chicken swine t-bone buffalo burgdoggen venison spare ribs tri-tip beef.\r\n\r\nDoes your lorem ipsum text long for something a little meatier? Give our generator a try… it’s tasty!'),
(21, 'Gustavo', 'Lucas@senac.com', 'critica', 'Bacon ipsum dolor amet boudin tri-tip pork chop swine shoulder, chislic porchetta t-bone turducken leberkas tongue. Jerky burgdoggen frankfurter, meatloaf buffalo ham pancetta shank venison ball tip ham hock filet mignon sausage sirloin shankle. Fatback ham hock short loin, turkey bacon pastrami drumstick capicola tongue tri-tip t-bone prosciutto. Jerky boudin frankfurter venison, turducken buffalo porchetta shoulder. Jerky shank shoulder, spare ribs frankfurter brisket sirloin tongue. Shank strip steak andouille meatball, leberkas corned beef buffalo. Chicken ball tip beef ribs drumstick.\r\n\r\nFatback pancetta biltong, kevin chuck hamburger bresaola andouille shoulder ham hock strip steak. Buffalo porchetta cupim alcatra shank. Bresaola buffalo porchetta tail short loin pork loin, hamburger sirloin pork andouille. Andouille rump alcatra drumstick, jerky ground round salami turkey. Fatback boudin bresaola strip steak buffalo t-bone spare ribs tenderloin prosciutto pork belly, doner short ribs.\r\n\r\nRibeye sirloin salami bresaola t-bone prosciutto strip steak pancetta tri-tip hamburger chislic pastrami cupim. Cupim chicken pancetta tongue tri-tip short loin salami. Leberkas ribeye shankle brisket boudin, corned beef burgdoggen drumstick strip steak sirloin picanha ham hock pastrami flank. Picanha andouille drumstick venison, shoulder chicken tongue spare ribs swine burgdoggen fatback. Pork pork belly porchetta pork loin, pastrami frankfurter venison meatball flank buffalo tongue prosciutto t-bone bresaola.\r\n\r\nJowl filet mignon brisket jerky hamburger tri-tip spare ribs doner porchetta boudin capicola. Corned beef ball tip landjaeger, tenderloin chicken jerky fatback ham hock biltong kielbasa. Kielbasa shank prosciutto meatloaf. Cow flank pastrami, short ribs drumstick kielbasa fatback sirloin short loin meatloaf filet mignon beef ribs strip steak.\r\n\r\nPorchetta capicola pork loin, drumstick meatball shank jerky short ribs shankle filet mignon chicken. Jowl short ribs shoulder ham. Tongue buffalo pastrami kevin kielbasa venison, chislic meatloaf ribeye ham sirloin t-bone ground round. Cow spare ribs beef ribs turducken alcatra jerky pancetta corned beef beef fatback strip steak kielbasa leberkas tail shoulder. Pork belly spare ribs capicola burgdoggen drumstick bacon chuck. Drumstick jerky kevin beef ribs porchetta doner ham turducken sausage. Cupim capicola cow, pork chop chicken swine t-bone buffalo burgdoggen venison spare ribs tri-tip beef.\r\n\r\nDoes your lorem ipsum text long for something a little meatier? Give our generator a try… it’s tasty!');
INSERT INTO `mensagem_arquivada` (`id`, `nome`, `email`, `assunto`, `mensagem`) VALUES
(22, 'Gustavo', 'joao@gmail.com', 'elogio', 'Bacon ipsum dolor amet pastrami meatball drumstick ham hock ball tip spare ribs. Pig shank leberkas, tail beef cow short ribs sausage burgdoggen tongue pastrami. Ball tip turducken pork belly spare ribs jerky, pork loin pancetta ham hock porchetta tail swine short ribs pastrami doner. Pancetta ham pork strip steak chuck ground round ham hock meatloaf. Swine jowl tail sausage jerky, salami beef ribs alcatra.\r\n\r\nPork loin picanha spare ribs shankle, swine frankfurter ground round doner shank tongue pork chislic jowl shoulder tri-tip. Ribeye ham hock jowl beef meatball pig. Pork loin kevin chislic, alcatra short ribs picanha pork belly beef. Tri-tip buffalo kielbasa pastrami.\r\n\r\nJowl bresaola biltong, short loin pig shank salami. Shank kevin chicken biltong, leberkas ham tongue swine. Ham hock brisket pastrami corned beef fatback chicken bresaola pork chop rump porchetta chislic. Ground round brisket swine, porchetta filet mignon bresaola salami ham tail picanha turkey rump spare ribs.\r\n\r\nSausage frankfurter meatloaf, pig pancetta flank pork chop bacon shank sirloin. Andouille boudin tenderloin strip steak cow, turducken pancetta ham hock fatback drumstick rump pork belly kevin prosciutto. Shankle biltong meatloaf pig ball tip sausage sirloin alcatra brisket tenderloin hamburger. Jowl cupim kielbasa pig t-bone chicken porchetta kevin fatback.\r\n\r\nSpare ribs jerky beef pork chop buffalo. Chicken sirloin boudin flank. Flank shankle picanha, hamburger doner capicola strip steak t-bone. Ham hock andouille pork burgdoggen shank boudin drumstick jowl shoulder turducken alcatra. Kevin frankfurter strip steak, cupim landjaeger pork belly bresaola fatback t-bone meatloaf chuck pig turducken.\r\n\r\nSausage frankfurter tongue bresaola chislic tenderloin cow jowl hamburger chicken. Tri-tip spare ribs meatball, strip steak meatloaf beef pig leberkas. Pastrami meatball short loin tail shankle t-bone shank sausage hamburger ham hock pork belly prosciutto. Shank ham tongue turducken.\r\n\r\nAndouille swine corned beef short ribs t-bone picanha, flank meatball ground round. Jerky jowl sausage meatloaf pork chop chuck ball tip shoulder. Sausage capicola chuck landjaeger. Flank kevin corned beef, venison andouille turducken swine capicola ribeye doner ball tip meatball fatback strip steak biltong. Tail doner shoulder strip steak alcatra. Beef ribs rump strip steak ham hock pork belly.\r\n\r\nRump prosciutto ham biltong, frankfurter fatback sausage shank landjaeger kielbasa pork loin tail cow alcatra beef ribs. Capicola hamburger ribeye, turducken meatloaf tail chicken pastrami meatball pork loin. Tail kevin landjaeger, pancetta beef ham spare ribs. Andouille short ribs corned beef landjaeger chuck. Cow drumstick ball tip biltong. T-bone prosciutto corned beef chicken spare ribs, alcatra turducken bresaola leberkas flank ham pastrami pancetta ribeye cupim.\r\n\r\nT-bone tongue biltong, porchetta bresaola venison flank kevin short loin ground round turkey. Kielbasa tail pork loin brisket meatball sausage hamburger chicken sirloin biltong shoulder tenderloin ground round. Shank hamburger meatball, sirloin alcatra pork swine doner tri-tip pig biltong short ribs shoulder pancetta. Capicola tri-tip t-bone, boudin pork chop pork loin drumstick corned beef ham turducken short ribs fatback shoulder sausage.\r\n\r\nBeef ribeye brisket, corned beef strip steak turkey buffalo chuck pork loin hamburger chicken fatback tongue spare ribs kielbasa. Short ribs ham hock alcatra, ham bacon shankle swine porchetta andouille jerky turkey. Leberkas ham short ribs, landjaeger tri-tip salami spare ribs sirloin flank brisket venison t-bone picanha rump. Pork belly chislic cow, short loin strip steak hamburger turducken pork burgdoggen jowl t-bone. Buffalo pork loin rump kevin alcatra. Chuck hamburger porchetta meatloaf.\r\n\r\nChislic ham hock ground round brisket biltong leberkas shankle. Ball tip pancetta biltong, swine ribeye prosciutto ground round flank kevin tenderloin. Venison chislic strip steak pig drumstick ground round, chicken burgdoggen frankfurter turducken shankle. Venison fatback ham hock, beef ribs turkey pancetta shank pork chop alcatra frankfurter salami jowl chislic landjaeger pork. Chicken venison buffalo ribeye corned beef, alcatra flank bresaola tongue boudin. Shoulder pancetta short loin rump chuck pork belly, pork loin salami bresaola biltong.\r\n\r\nLandjaeger tongue flank short ribs t-bone alcatra. Shoulder doner short loin filet mignon porchetta leberkas pork boudin. Spare ribs jerky swine, tenderloin beef ribs ground round porchetta tongue. Brisket sirloin doner turducken hamburger buffalo fatback cupim. Picanha cupim tri-tip drumstick alcatra. Short loin fatback capicola, shank bresaola meatball strip steak spare ribs rump doner ground round turkey tenderloin prosciutto brisket. Beef meatloaf brisket andouille ham corned beef bresaola picanha.\r\n\r\nSwine cupim corned beef sausage pork loin, pork turkey kielbasa short loin flank buffalo tail ball tip. Tri-tip pig t-bone porchetta filet mignon sirloin ham meatloaf, rump spare ribs frankfurter. Capicola sirloin bacon strip steak picanha, landjaeger drumstick rump andouille doner frankfurter kielbasa. Tongue frankfurter ham hock boudin leberkas doner capicola kielbasa beef ribs swine burgdoggen drumstick corned beef prosciutto chuck. Pastrami filet mignon rump tail turkey. Alcatra chicken shank ribeye. Shankle ball tip capicola t-bone swine sirloin chicken meatloaf bresaola beef ribs fatback venison meatball.\r\n\r\nPorchetta cupim strip steak sausage, ball tip doner buffalo pork belly pork loin corned beef brisket landjaeger. Corned beef doner pancetta strip steak beef ribs pork belly frankfurter short loin meatloaf leberkas. Swine meatball kevin cow fatback ball tip, ham hock chicken short ribs leberkas turducken jowl ham pastrami andouille. Kevin burgdoggen meatloaf cow, prosciutto leberkas tenderloin. Jowl short loin turkey jerky alcatra strip steak buffalo leberkas landjaeger. Spare ribs picanha flank, fatback tri-tip tail bacon ham porchetta turkey sausage ground round. Shoulder corned beef spare ribs beef ribs, tri-tip cow t-bone shank ribeye chicken.\r\n\r\nT-bone flank tongue, beef capicola corned beef hamburger short loin pancetta pork chop sirloin ground round pastrami turducken spare ribs. Picanha turkey meatloaf ham hock, chislic buffalo hamburger capicola shank fatback pancetta. Kielbasa pork belly ham hock tri-tip alcatra shankle tail shoulder ham prosciutto strip steak venison tenderloin doner leberkas. Bacon alcatra drumstick kevin brisket doner shank prosciutto shankle venison pancetta capicola.\r\n\r\nLeberkas porchetta sirloin jerky corned beef filet mignon. Filet mignon andouille tri-tip cupim. Boudin jerky ribeye landjaeger frankfurter biltong shankle fatback venison cupim. Shank ball tip corned beef picanha, sausage t-bone ground round pork chislic turkey. Tongue turducken ham hock cow ribeye pork alcatra. Biltong short ribs venison shank frankfurter chislic ribeye porchetta alcatra ham hock meatball tongue sausage burgdoggen pork belly. Chislic meatball leberkas jowl alcatra filet mignon kevin burgdoggen fatback rump hamburger.\r\n\r\nPig tail landjaeger filet mignon. Turducken corned beef leberkas venison salami pork chop. Swine beef buffalo salami burgdoggen pig bresaola short ribs rump cupim sausage. Spare ribs shankle boudin filet mignon burgdoggen tenderloin.\r\n\r\nShoulder venison alcatra corned beef kielbasa biltong. Ribeye leberkas ham, tenderloin drumstick pork belly bresaola pancetta boudin corned beef doner tri-tip kevin beef turkey. Sausage flank pancetta, kielbasa ball tip meatloaf frankfurter tri-tip salami burgdoggen hamburger spare ribs picanha. Tenderloin ball tip landjaeger tri-tip, venison kevin bacon spare ribs beef ribs doner shoulder chicken ham. Pork loin swine jowl, tongue drumstick beef ribs kielbasa chislic cupim leberkas ribeye t-bone frankfurter boudin.\r\n\r\nDoner pancetta andouille kielbasa, pig capicola rump chicken bresaola fatback chuck picanha tail burgdoggen flank. Hamburger salami pork chop, t-bone pig ground round tail sausage andouille venison drumstick. Sausage swine doner ham kielbasa, meatball capicola bacon burgdoggen shank chicken turkey landjaeger tongue. Jerky pig filet mignon cupim pancetta hamburger sirloin beef kevin landjaeger buffalo tri-tip chislic pork tongue. Biltong frankfurter beef ribs, andouille flank drumstick short loin pastrami.\r\n\r\nRibeye chuck picanha brisket short ribs. Kielbasa sausage swine, drumstick buffalo rump ham hock shoulder pork belly chuck meatball turducken tail. Kevin turkey pancetta pastrami spare ribs cupim burgdoggen, filet mignon sausage meatloaf tri-tip turducken short loin buffalo shankle. Picanha strip steak turkey porchetta pancetta ribeye tenderloin filet mignon tail. T-bone corned beef fatback jowl picanha alcatra, chicken ball tip tail. Pancetta chislic tri-tip leberkas, pork chop pork hamburger salami capicola ham hock andouille sausage beef ribs ham. Swine sirloin boudin prosciutto, bresaola hamburger ground round chicken jowl capicola burgdoggen bacon beef ribs sausage shank.\r\n\r\nMeatloaf bresaola sausage, tri-tip kielbasa jowl turkey flank drumstick. Filet mignon cow jerky porchetta picanha drumstick, short loin ground round t-bone. Shank ball tip chicken venison chuck prosciutto turducken ham hock. Ribeye turkey fatback, tri-tip pastrami tenderloin swine buffalo landjaeger.\r\n\r\nSausage tongue ground round, tail fatback cupim bresaola capicola brisket turkey andouille kielbasa burgdoggen biltong t-bone. Ground round pork rump pork loin, t-bone doner pancetta. Beef ribs doner porchetta, pork meatloaf swine burgdoggen kielbasa corned beef ground round. Picanha turducken meatball shoulder ribeye tri-tip andouille bresaola pig beef ground round flank pork chop t-bone. Chicken bresaola turducken frankfurter, buffalo ribeye pork beef ribs biltong. Shoulder turkey turducken, shankle alcatra ribeye rump leberkas tongue porchetta salami swine meatloaf.\r\n\r\nBall tip beef pancetta leberkas jowl tri-tip hamburger. Ham landjaeger short loin leberkas pork loin. Bacon beef ribs jerky tail, alcatra cupim cow turducken shoulder ribeye pork loin ham hock salami. Pig pastrami landjaeger sausage. Beef ribs biltong frankfurter picanha, meatball pork loin prosciutto rump drumstick kielbasa salami venison capicola turkey. Fatback sausage pork, cow venison ham hock tail beef pork loin picanha bresaola buffalo. Tenderloin corned beef brisket swine, kevin alcatra flank bacon tongue chuck leberkas sirloin boudin picanha pork chop.\r\n\r\nFrankfurter ham hock ball tip chicken pancetta venison tongue salami bresaola shoulder turkey porchetta cow ham pastrami. Cupim drumstick shankle, shank tri-tip burgdoggen filet mignon beef ribs prosciutto short loin venison cow turkey spare ribs. Venison ground round pork, pork loin pig burgdoggen flank salami tenderloin shankle doner porchetta sirloin corned beef. Salami boudin picanha tri-tip, tenderloin rump filet mignon. Flank meatball corned beef spare ribs pancetta chislic sausage t-bone bacon shankle andouille bresaola turkey brisket. Venison pastrami jerky spare ribs doner tenderloin meatloaf hamburger pork loin corned beef beef ribs brisket ham hock cupim turducken.\r\n\r\nShort ribs turkey beef ribs buffalo pork chop chuck cupim bresaola. Jowl biltong pastrami flank kevin t-bone rump buffalo venison fatback landjaeger shankle leberkas. Sirloin ball tip corned beef meatloaf flank. Buffalo sirloin cupim pork. Doner hamburger jowl landjaeger, shoulder cupim prosciutto buffalo ham hock short ribs.\r\n\r\nPig brisket chicken biltong shankle beef ribs. Swine leberkas sirloin tail buffalo rump picanha meatball. T-bone swine kielbasa capicola tri-tip porchetta sirloin, tenderloin burgdoggen landjaeger short ribs. Ribeye hamburger buffalo, chuck jerky filet mignon t-bone cupim. Pork chop salami pork loin leberkas tail sausage. Short loin flank frankfurter, shoulder kevin landjaeger ball tip cupim kielbasa jerky sirloin burgdoggen. Shoulder drumstick hamburger, pig spare ribs tail andouille chislic porchetta biltong bacon ribeye short loin ground round.\r\n\r\nCupim buffalo chuck, picanha landjaeger ham hock meatball kielbasa spare ribs boudin salami tri-tip drumstick. Pork landjaeger ham hock bresaola shoulder. Tail salami bresaola short loin corned beef shank pancetta kielbasa pork belly doner pork loin pork kevin capicola. Pork belly filet mignon prosciutto jerky. Burgdoggen landjaeger swine, sausage beef ribs rump brisket porchetta pancetta chicken short loin tenderloin. Pig hamburger cupim pancetta.\r\n\r\nKevin chuck spare ribs, hamburger jerky turkey pork salami tri-tip cow ribeye short loin t-bone rump tail. Picanha beef filet mignon, short loin buffalo tri-tip shank swine sausage landjaeger cupim kevin burgdoggen. Beef ribs frankfurter doner pork loin, kielbasa meatball picanha shankle chicken alcatra cow short loin meatloaf ground round. Strip steak leberkas burgdoggen prosciutto short ribs.\r\n\r\nMeatloaf kielbasa burgdoggen shank. Tri-tip landjaeger kevin, venison buffalo turducken strip steak chislic shankle. Capicola swine brisket shankle boudin cow ham hock, meatball ball tip shoulder andouille tail. Boudin prosciutto spare ribs, ball tip shoulder ham tri-tip. Porchetta tail bacon turducken meatloaf tri-tip cupim short ribs. Shank pork drumstick beef chislic. Doner capicola jerky ribeye ham biltong.\r\n\r\nKielbasa rump sausage pastrami, pork ground round shankle. Filet mignon flank brisket short loin. Tri-tip jerky pork belly frankfurter pig drumstick. Shoulder porchetta short ribs beef ribs. Kielbasa frankfurter bacon picanha turkey jowl flank doner short ribs capicola.\r\n\r\nBresaola doner sausage venison. Chicken shank kielbasa pork alcatra biltong shoulder. Corned beef picanha porchetta tenderloin swine. Bacon cupim ham turkey. Beef ribs alcatra andouille, ball tip doner kevin pork belly. Buffalo kielbasa ground round landjaeger bresaola chislic flank jowl tenderloin drumstick sausage.\r\n\r\nCapicola drumstick pig, rump tail kevin jowl fatback t-bone boudin picanha leberkas tenderloin jerky sausage. Venison tongue meatball corned beef beef ribs. Shankle sausage kevin tenderloin short ribs, tongue bacon ball tip ground round shoulder short loin cupim kielbasa. Strip steak filet mignon tongue tri-tip prosciutto boudin chicken hamburger picanha ribeye cupim salami burgdoggen. Ham jowl turkey pastrami leberkas strip steak, shank boudin venison tri-tip shoulder ball tip.\r\n\r\nPork belly meatloaf landjaeger t-bone. Landjaeger picanha bacon ham sirloin tenderloin chislic, porchetta brisket short loin beef ribs sausage burgdoggen ribeye salami. Shank landjaeger biltong filet mignon frankfurter. Prosciutto buffalo capicola short loin sausage beef. Jowl pork chop pork tail chicken frankfurter shank.\r\n\r\nJowl meatloaf turducken, corned beef pork belly pancetta kielbasa ham hock biltong strip steak flank. Corned beef drumstick beef ribs swine, shoulder ham jowl chuck strip steak. Pork chop chicken sausage shankle prosciutto ball tip. Bresaola chuck pork loin, ground round pork chop pastrami kevin biltong strip steak t-bone. Biltong bacon bresaola meatloaf pork chislic. Corned beef meatball cupim prosciutto pancetta beef spare ribs.\r\n\r\nTongue pork short ribs chicken ribeye ground round rump brisket pig landjaeger t-bone buffalo alcatra. Bacon beef leberkas ham hock tongue porchetta boudin. Jowl tenderloin ball tip fatback. Kielbasa andouille drumstick ham hock rump spare ribs short loin beef ribs tongue pork chop beef tail pig jerky. Beef doner rump, tri-tip capicola chislic jerky ground round ribeye salami spare ribs burgdoggen fatback. Pig turkey drumstick, beef kevin bresaola short ribs.\r\n\r\nJerky ribeye fatback, strip steak tongue kielbasa kevin bresaola biltong buffalo ham doner. Beef bresaola meatloaf filet mignon turducken landjaeger pork loin. Sirloin chicken pork chop tail. Swine strip steak jowl ham tri-tip shank capicola cupim short ribs turkey. Porchetta jowl cow pig t-bone picanha, filet mignon corned beef turkey beef ribs cupim strip steak shoulder. Alcatra capicola strip steak flank prosciutto ground round buffalo fatback landjaeger andouille jerky cow pork chop.\r\n\r\nFatback frankfurter kielbasa tenderloin cow burgdoggen. Tail filet mignon ground round capicola strip steak meatloaf. Beef ribs short loin shankle porchetta pastrami meatball venison spare ribs pancetta pork loin hamburger. Sausage pig kevin cow. Chislic prosciutto chicken, shoulder pancetta cow boudin doner rump meatloaf tongue beef ribs. Picanha tenderloin frankfurter jerky bacon.\r\n\r\nSausage pancetta venison hamburger, salami kevin landjaeger kielbasa alcatra pork loin bacon turkey tail. Bacon ball tip andouille, salami brisket pastrami kevin ham hock swine kielbasa pork jowl. Bacon biltong pancetta, kielbasa buffalo pork loin pastrami ball tip. Turkey burgdoggen meatloaf fatback porchetta beef kielbasa alcatra ham hock t-bone boudin swine ball tip salami short loin. Kielbasa picanha sausage alcatra strip steak.\r\n\r\nPicanha pork belly jerky ground round tri-tip beef. Jowl bacon ground round strip steak, meatball andouille chicken. Leberkas capicola burgdoggen sirloin jowl pastrami tri-tip turkey kielbasa pig chicken rump filet mignon. Sirloin salami cupim, kevin pork belly t-bone drumstick doner porchetta sausage.\r\n\r\nShoulder short loin kielbasa drumstick boudin jowl flank shankle venison ham shank meatloaf ball tip beef ribs. Capicola short ribs porchetta sausage strip steak jerky picanha, meatball ground round sirloin tail ball tip hamburger. Pork belly salami andouille pig corned beef picanha pork beef. Capicola turkey strip steak boudin, salami flank short loin beef venison pastrami fatback. Sirloin spare ribs jerky t-bone, strip steak pork belly capicola tenderloin boudin swine burgdoggen brisket. Cow shank jowl buffalo short loin, strip steak shankle beef short ribs.\r\n\r\nSalami chuck strip steak kevin bresaola pastrami tenderloin tri-tip pork loin. Shank rump pork chop pancetta. Bacon drumstick chicken chislic pork loin flank frankfurter porchetta meatball ham leberkas burgdoggen venison andouille ball tip. Leberkas ribeye capicola tail, shank meatball rump alcatra pork belly flank landjaeger kielbasa chicken. Leberkas cow hamburger, tenderloin spare ribs burgdoggen prosciutto pork chop biltong fatback doner short ribs alcatra buffalo. Kevin pancetta chicken swine ham, shank shankle.\r\n\r\nJowl sirloin landjaeger strip steak picanha alcatra, ball tip meatloaf shankle corned beef ground round chicken t-bone biltong. Kielbasa spare ribs ball tip ham hock. Spare ribs corned beef alcatra chislic shoulder ground round fatback beef. Shankle beef short loin ham, spare ribs capicola corned beef pork pancetta. Pork chop kielbasa pancetta ground round, andouille burgdoggen spare ribs pork.\r\n\r\nRibeye pastrami ground round ball tip capicola brisket tenderloin kielbasa strip steak andouille. Shoulder porchetta pork chop, corned beef chicken burgdoggen tongue pork andouille swine frankfurter. Alcatra chuck cupim flank. Ham hock corned beef brisket drumstick porchetta, tongue picanha ground round tail beef ribs chislic cow short loin chicken. Flank boudin picanha beef, sausage prosciutto turkey capicola corned beef tail leberkas alcatra. Chuck shoulder boudin, kevin sausage tri-tip ham meatball ham hock t-bone beef ribs short ribs sirloin beef burgdoggen.\r\n\r\nCow tongue frankfurter pork belly, ham strip steak jowl meatball kielbasa salami kevin sirloin pancetta drumstick. Drumstick frankfurter fatback, shankle flank shoulder ham cupim. Chuck burgdoggen beef ribs alcatra turkey turducken meatloaf, tri-tip jerky bresaola shoulder short loin filet mignon. Leberkas hamburger ground round sausage jerky chicken cow corned beef andouille pork beef buffalo meatloaf pork loin shankle. Flank burgdoggen tenderloin kevin corned beef hamburger landjaeger capicola. Ground round turducken venison porchetta, flank cow landjaeger pancetta shankle jerky. Kielbasa pancetta tri-tip picanha spare ribs, pig pork belly sausage andouille brisket ribeye pork loin short ribs leberkas flank.\r\n\r\nTri-tip salami sausage hamburger, spare ribs doner corned beef cow chicken alcatra boudin. Ham spare ribs kielbasa sirloin, pastrami chicken bacon sausage salami pork chop. Shankle jerky biltong pancetta andouille venison porchetta pig spare ribs flank kevin. Boudin rump meatball andouille ham chuck burgdoggen buffalo short ribs jowl fatback swine pork chop drumstick tenderloin. Ribeye jowl tri-tip sausage.\r\n\r\nFlank tongue jowl boudin alcatra ball tip pork belly porchetta kevin bresaola prosciutto pork. Shankle pork t-bone prosciutto kielbasa pancetta fatback brisket capicola venison. Chuck turkey sirloin cupim ball tip picanha salami drumstick short loin. Chuck beef t-bone kielbasa chislic frankfurter. Doner tri-tip rump burgdoggen meatloaf swine prosciutto ball tip porchetta boudin jowl filet mignon leberkas. Andouille ground round shank meatball beef leberkas spare ribs. Pancetta pork loin short loin meatball doner strip steak kielbasa pork kevin sirloin ham jerky cow pork belly cupim.\r\n\r\nRibeye pancetta ham hock, salami andouille kevin turducken chuck brisket porchetta leberkas ball tip doner ground round. Cow shoulder picanha t-bone pork chop kielbasa shank pork belly brisket ground round ham prosciutto meatloaf drumstick. Prosciutto jerky chicken, kevin turkey pork burgdoggen flank short ribs meatball tail porchetta spare ribs tri-tip. Ham hock beef ribs cow pork chop cupim ribeye. Picanha tenderloin pork belly, flank swine jerky cow doner alcatra salami venison porchetta ham.\r\n\r\nBresaola alcatra t-bone rump. Ground round meatloaf tenderloin turducken tri-tip hamburger andouille venison. Beef tenderloin venison leberkas meatloaf flank pork belly ham salami pancetta swine buffalo turducken t-bone. Leberkas spare ribs turkey tenderloin tail, ball tip doner shankle rump short loin kielbasa chuck. Buffalo andouille bacon short loin tenderloin tri-tip chuck corned beef landjaeger. Beef ribs bacon sausage leberkas chicken.\r\n\r\nHam jerky ham hock jowl. Tongue chicken porchetta, turkey bresaola shankle burgdoggen beef strip steak. Cupim tail pastrami turducken ball tip salami pig buffalo chicken. Meatloaf bacon ribeye kevin jowl. Hamburger venison bacon pastrami jowl, ball tip chislic tongue buffalo beef ribs. Alcatra turkey turducken pork shank porchetta cow prosciutto.\r\n\r\nShank kevin hamburger corned beef beef ribs frankfurter burgdoggen strip steak pork. Landjaeger ball tip tri-tip tongue rump biltong ground round short loin doner swine burgdoggen pork loin flank. Capicola ham hock short loin pork loin, salami brisket ham prosciutto chuck turducken picanha pancetta beef ribs. Swine pork jowl jerky, burgdoggen sirloin tail frankfurter brisket sausage. Swine andouille hamburger, fatback short loin buffalo chislic frankfurter. Rump frankfurter chislic chicken.'),
(23, 'Ricardo', 'joao@gmail.com', 'duvida', 'Senac\r\n'),
(24, 'Gustavo souza', 'gustavo@senac.com', 'elogio', 'Otimo site'),
(25, 'Gustavo Oliveira', 'gustavo09@gmail.com', 'sugestao', 'Lorem ipsum dolor sit amet, consectetur adipiscing elit. Nullam ut tincidunt nulla. Suspendisse ultricies lacus turpis, ac feugiat lacus mattis sed. Morbi at ullamcorper risus. Maecenas vel felis non nibh fermentum dignissim. Nullam in lacus ante. Quisque elementum eros vel quam sollicitudin accumsan. Maecenas vel ligula justo. Fusce convallis, nibh eu porta facilisis, sem nunc egestas lectus, sit amet condimentum urna odio scelerisque purus. Integer venenatis, ligula et consectetur sollicitudin, sem eros placerat arcu, id hendrerit lacus felis vitae orci. Proin eleifend velit ut diam hendrerit, nec laoreet nibh interdum. Cras sit amet enim eu orci pharetra vulputate at in quam.\r\n\r\nClass aptent taciti sociosqu ad litora torquent per conubia nostra, per inceptos himenaeos. Donec egestas leo ac est cursus tincidunt. Mauris rhoncus ex sit amet pharetra tincidunt. Quisque accumsan finibus gravida. Mauris feugiat ultricies molestie. In rhoncus tortor quis hendrerit viverra. Suspendisse eget tellus lorem. Integer et fringilla enim. Sed convallis tempus neque quis commodo. Quisque venenatis nibh eu purus fringilla semper.\r\n\r\nAliquam nec ornare urna. Integer tempor, leo in lacinia condimentum, arcu nulla blandit libero, efficitur pulvinar metus mauris id augue. Pellentesque magna arcu, maximus ac enim in, sagittis tempus purus. Phasellus feugiat facilisis nibh, eu venenatis mi pulvinar ut. Donec eget finibus ipsum, eu facilisis tortor. Mauris dapibus ipsum in elementum convallis. Etiam non mauris vel orci fermentum euismod vel at nisi. Pellentesque a dui a nisi blandit dignissim. Duis lacus ex, sodales vel auctor sed, rhoncus at dolor. Fusce vel nulla urna. Aliquam nulla enim, ultricies eget rhoncus non, iaculis vitae justo. Morbi nec placerat augue, at mollis nisi. Orci varius natoque penatibus et magnis dis parturient montes, nascetur ridiculus mus.\r\n\r\nNam augue felis, dapibus ac lectus et, suscipit malesuada ipsum. Nam laoreet facilisis quam id ultricies. Duis iaculis at nisl laoreet lobortis. Phasellus at velit gravida, porta felis ac, commodo sem. Vivamus eu massa mattis, hendrerit felis ut, vestibulum dolor. Suspendisse egestas pulvinar enim eget consequat. Phasellus tincidunt euismod est ac posuere. Suspendisse id turpis semper, ultricies nunc blandit, sodales urna. Pellentesque sollicitudin egestas quam, vitae venenatis eros pellentesque ac. Sed tincidunt justo eu augue mollis pretium. Phasellus mi enim, tincidunt vulputate ultricies sit amet, tincidunt vitae nulla. Donec eget consequat elit, eu facilisis urna.\r\n\r\nSed molestie dui quis varius maximus. Pellentesque quis dictum tellus. Nulla facilisi. Sed placerat mi enim, ac tempor purus placerat sed. Nunc lacus tellus, semper ut arcu ut, dictum convallis leo. Etiam fermentum purus tellus, ut finibus leo pharetra sed. Duis malesuada, elit nec dapibus viverra, nibh leo finibus mauris, nec elementum augue dui nec metus. Etiam vitae iaculis tellus. Pellentesque eu lectus vitae eros vulputate convallis luctus eu magna. Donec luctus neque sit amet tellus varius congue. Ut ac velit sed orci faucibus mattis vitae in dui. Integer et scelerisque ex, vel faucibus leo. Suspendisse auctor nibh quis sapien suscipit, quis congue urna sagittis. Pellentesque leo tellus, varius eu ultrices vitae, pretium ac enim. In hac habitasse platea dictumst. Pellentesque pretium, nunc sed tristique elementum, nulla eros commodo est, vel egestas magna massa ut ante.\r\n\r\nUt aliquam nec orci quis elementum. Vivamus in vestibulum est, ut luctus enim. Pellentesque a suscipit lorem, at bibendum felis. Class aptent taciti sociosqu ad litora torquent per conubia nostra, per inceptos himenaeos. Suspendisse consequat fermentum nunc sed pharetra. Integer tristique a lorem non rutrum. Aliquam mauris odio, pharetra eget lorem egestas, mollis blandit lectus.\r\n\r\nSuspendisse semper a magna et pellentesque. Praesent a elit nec mauris venenatis viverra. Vestibulum vitae varius odio. Class aptent taciti sociosqu ad litora torquent per conubia nostra, per inceptos himenaeos. Mauris ante justo, maximus in leo vel, lobortis malesuada arcu. Phasellus scelerisque eget elit ac suscipit. Nullam in ante vel ligula mattis semper. Phasellus nec tempus ante. Vivamus ultrices urna sed mi volutpat porttitor. Nulla venenatis blandit odio ut placerat. Sed laoreet nunc id lorem viverra, quis malesuada diam convallis.\r\n\r\nInteger consequat posuere diam, euismod mattis urna malesuada vitae. Sed arcu nisi, blandit sit amet consequat ut, porta at ligula. Quisque hendrerit odio rhoncus, placerat nisl ac, elementum nisl. Nam tincidunt ante ex, non iaculis arcu semper sed. Suspendisse potenti. Duis eget nisi risus. Aenean iaculis tincidunt orci, sit amet rutrum augue malesuada eget. Curabitur eget lacus dolor. Curabitur fermentum massa at sem consectetur, nec ullamcorper odio vestibulum. Phasellus ultrices sed lacus id vestibulum. Donec ultricies velit finibus tortor porttitor, nec auctor ante facilisis. Morbi lorem erat, congue nec pulvinar nec, imperdiet in ligula.\r\n\r\nEtiam congue laoreet cursus. Etiam quis mauris vitae risus imperdiet iaculis eget mollis ex. Nulla facilisi. Vestibulum ante massa, imperdiet in urna eget, luctus sodales lectus. Mauris sed erat metus. Ut vehicula eleifend faucibus. Mauris in porttitor erat. Vestibulum lacinia vitae sapien ut aliquam. Integer sollicitudin neque libero, et dapibus lectus consequat vel. Ut non turpis sit amet nisl vehicula placerat. Vestibulum vitae suscipit arcu. Donec hendrerit ligula auctor mi tincidunt viverra. Nam sed magna non tellus tempus malesuada. Suspendisse interdum felis nisl, ac facilisis magna sagittis a.\r\n\r\nSed a nunc ac metus porta tincidunt sit amet sollicitudin risus. In tincidunt sollicitudin leo vitae tempus. Suspendisse placerat lacus at tristique lacinia. Morbi in ligula in quam fermentum auctor sed vel turpis. Mauris non urna placerat, dignissim lectus nec, suscipit ipsum. Nam commodo congue sapien, a efficitur turpis aliquet laoreet. Quisque congue luctus tellus in mollis. Sed et venenatis massa. Nam interdum congue commodo. Quisque viverra lectus in imperdiet vestibulum. Lorem ipsum dolor sit amet, consectetur adipiscing elit. Duis sit amet vulputate ipsum. Donec cursus, metus tincidunt scelerisque iaculis, turpis arcu dictum orci, semper commodo ante dui id tortor. Cras orci urna, eleifend vitae ligula sed, volutpat congue mi. Etiam ac massa ut velit fermentum elementum ut non ante. Mauris feugiat porta volutpat.'),
(26, 'Gustavo Oliveira', 'gustavo09@gmail.com', 'elogio', 'Lorem ipsum dolor sit amet, consectetur adipiscing elit. Vivamus iaculis odio risus, sit amet blandit neque feugiat nec. Fusce sagittis dolor vitae nibh dictum placerat. Nullam non vehicula metus. Ut malesuada massa eu aliquet facilisis. Sed ut felis in quam vestibulum rhoncus dictum eu justo. In efficitur vulputate nisl, non egestas elit aliquam quis. Morbi ornare consequat convallis. Proin tempor diam viverra risus iaculis faucibus. Nam ornare porttitor lorem, vel cursus lectus luctus eget. Nam at pulvinar quam.\r\n\r\nDuis ac cursus ante. Integer vel magna sem. Donec et hendrerit ante. Pellentesque sed commodo urna. Donec lacinia quis nunc quis volutpat. Integer pretium semper odio id malesuada. Praesent posuere ex ex, vitae auctor neque volutpat vitae. Proin vulputate quam vel urna scelerisque efficitur. Praesent feugiat enim ut mauris vulputate fermentum. Vivamus aliquet blandit sapien a venenatis. Maecenas aliquet, eros ac bibendum congue, purus sem mattis nulla, ac blandit purus ex vel nisi. Curabitur euismod vestibulum justo, nec ultrices felis venenatis ut.\r\n\r\nPraesent posuere odio sit amet lacus scelerisque fringilla. Morbi porttitor aliquam lobortis. Fusce vel ex arcu. Quisque sed rutrum risus. Quisque a quam purus. Curabitur faucibus elit in nunc ornare, vitae consectetur diam condimentum. Maecenas vel lobortis dui. Duis non feugiat metus. Pellentesque habitant morbi tristique senectus et netus et malesuada fames ac turpis egestas. Duis varius sagittis interdum.\r\n\r\nIn lacinia pharetra lacus ac rhoncus. Aliquam sit amet eleifend est, a maximus dui. Sed pretium orci nec diam elementum laoreet. Nulla commodo efficitur feugiat. Sed non erat eu neque ultrices auctor. Donec consectetur purus et consequat suscipit. Curabitur nec gravida neque. Mauris eu tellus in augue volutpat bibendum. Nam rhoncus varius lectus, vitae molestie quam viverra et. Cras suscipit, nunc rhoncus sodales consequat, velit lacus vehicula dui, ac euismod sapien erat at neque. Nullam sit amet massa vel magna imperdiet lobortis. Pellentesque viverra rutrum bibendum. Vivamus sed erat metus. Quisque sit amet vulputate nunc. Phasellus ac viverra ex.\r\n\r\nAliquam tincidunt auctor justo, quis dictum nisi mollis in. Sed enim justo, porttitor sit amet dignissim cursus, laoreet nec lacus. Quisque non dolor quis odio elementum accumsan. Quisque faucibus felis odio, in laoreet elit vehicula non. Mauris fringilla tortor ut justo pretium, non aliquet ipsum ultricies. Sed sed ultricies ipsum. Nam neque massa, iaculis ut sagittis id, efficitur et mauris. Nulla porttitor quam augue, a luctus dolor iaculis sit amet. Vestibulum nec leo purus. Nulla interdum finibus gravida. Suspendisse finibus ornare quam, non vulputate enim posuere sit amet. Quisque in blandit metus, eget euismod ex. Interdum et malesuada fames ac ante ipsum primis in faucibus.\r\n\r\nSuspendisse a pellentesque metus, ut pulvinar tellus. In aliquam justo velit, eget interdum dui mollis at. Ut et pellentesque erat. In pharetra turpis laoreet maximus ultrices. Fusce commodo, sapien sed finibus posuere, mauris justo tristique ipsum, maximus accumsan erat ipsum vitae velit. Suspendisse nec tellus viverra, porttitor nisl ut, dapibus purus. Donec pulvinar lorem nunc, non condimentum ligula ornare eget. Proin vestibulum cursus ornare. Donec elementum placerat tincidunt. Lorem ipsum dolor sit amet, consectetur adipiscing elit. Nunc non ultricies nunc. Etiam elit nunc, consequat eget dignissim ut, suscipit nec erat. Etiam semper eu eros ac venenatis. Proin leo magna, ultricies a nunc ac, pharetra lobortis diam. Maecenas sed nunc non justo scelerisque scelerisque. Nunc et faucibus felis.\r\n\r\nProin fermentum neque sed libero vulputate, a tempus risus malesuada. Morbi vel metus diam. Morbi aliquet imperdiet massa, vel ullamcorper libero convallis ut. Curabitur scelerisque pellentesque felis, bibendum vulputate eros accumsan sed. Morbi est ex, pellentesque eu mattis non, posuere eget libero. Vivamus ac vehicula augue. Curabitur ultricies massa quis arcu cursus, et dictum ante semper. Proin porta nisl rhoncus, tincidunt purus ut, ornare augue. Vivamus posuere faucibus nisi, id aliquam sem. Fusce laoreet, libero a ornare consectetur, magna enim pretium arcu, vel dictum sapien libero et nisi. Maecenas interdum lacus eros, vel molestie nibh aliquet sed. Nunc nunc erat, semper eu urna in, eleifend sagittis purus.\r\n\r\nEtiam rutrum sagittis malesuada. Quisque venenatis accumsan nibh in malesuada. Maecenas tincidunt eu odio rutrum porta. Phasellus iaculis turpis ligula, id ultricies tellus dictum quis. Aliquam porta imperdiet urna, consectetur dignissim purus vehicula quis. Quisque vel ultricies urna, non pharetra turpis. Aenean euismod hendrerit sapien sit amet pretium. Maecenas posuere ex quis lorem tempor lobortis. Nulla et mollis justo. Maecenas mattis nisl magna, ac interdum sapien rhoncus vel. Maecenas rutrum leo arcu, at cursus arcu pretium ut.\r\n\r\nLorem ipsum dolor sit amet, consectetur adipiscing elit. Nulla et tortor pellentesque, commodo arcu viverra, consequat est. Vestibulum placerat tincidunt ante, mollis consequat nibh maximus non. Sed tortor velit, venenatis sed mollis eu, pharetra sit amet est. Nulla fringilla malesuada ligula, id pharetra velit ullamcorper sed. Donec vitae bibendum odio. Aliquam erat volutpat. Etiam tempus rutrum pretium. Aenean vel ultricies tortor. Vestibulum enim magna, malesuada sed pellentesque vitae, vehicula id est. Ut ut vulputate ex. Curabitur vehicula, lectus at mollis euismod, lectus justo commodo massa, sit amet ullamcorper libero nulla et turpis. Mauris dui metus, lobortis id orci in, egestas porttitor eros. Phasellus tempor nisl lectus, ut facilisis eros porttitor eget. Phasellus vel est placerat, sollicitudin mi sit amet, mollis lacus. Vestibulum vitae leo fermentum, malesuada justo id, mattis dui.\r\n\r\nFusce laoreet nunc vel odio finibus, nec faucibus leo malesuada. Maecenas fringilla imperdiet dolor id bibendum. In vitae est eros. Quisque molestie lobortis ipsum, quis porta odio egestas at. Ut sollicitudin scelerisque sem, nec bibendum erat. Vestibulum eget cursus nunc. Integer auctor lorem et ipsum rhoncus hendrerit. Sed volutpat iaculis malesuada. Quisque finibus eget neque et dignissim. Nunc ut blandit sapien. Vestibulum malesuada mauris in velit vulputate, a commodo quam ultricies. Aenean scelerisque mi ac diam porttitor, dictum euismod tellus interdum.');

-- --------------------------------------------------------

--
-- Estrutura da tabela `plataforma`
--

CREATE TABLE `plataforma` (
  `id` int(11) NOT NULL,
  `nome` varchar(50) NOT NULL
) ENGINE=InnoDB DEFAULT CHARSET=utf8mb4;

--
-- Extraindo dados da tabela `plataforma`
--

INSERT INTO `plataforma` (`id`, `nome`) VALUES
(3, 'Playstation 3'),
(4, 'Playstation 4'),
(5, 'Xbox 360'),
(6, 'Xbox One'),
(7, 'Nintendo Wii');

-- --------------------------------------------------------

--
-- Estrutura da tabela `suporte_vapor`
--

CREATE TABLE `suporte_vapor` (
  `id` int(11) NOT NULL,
  `nome` varchar(50) DEFAULT NULL,
  `email` varchar(50) DEFAULT NULL,
  `assunto` varchar(15) DEFAULT NULL,
  `mensagem` longtext DEFAULT NULL
) ENGINE=InnoDB DEFAULT CHARSET=utf8mb4;

--
-- Extraindo dados da tabela `suporte_vapor`
--

INSERT INTO `suporte_vapor` (`id`, `nome`, `email`, `assunto`, `mensagem`) VALUES
(20, 'Gustavo Oliveira', 'gustavo09@gmail.com', 'elogio', 'Lorem ipsum dolor sit amet, consectetur adipiscing elit. Vivamus iaculis odio risus, sit amet blandit neque feugiat nec. Fusce sagittis dolor vitae nibh dictum placerat. Nullam non vehicula metus. Ut malesuada massa eu aliquet facilisis. Sed ut felis in quam vestibulum rhoncus dictum eu justo. In efficitur vulputate nisl, non egestas elit aliquam quis. Morbi ornare consequat convallis. Proin tempor diam viverra risus iaculis faucibus. Nam ornare porttitor lorem, vel cursus lectus luctus eget. Nam at pulvinar quam.\r\n\r\nDuis ac cursus ante. Integer vel magna sem. Donec et hendrerit ante. Pellentesque sed commodo urna. Donec lacinia quis nunc quis volutpat. Integer pretium semper odio id malesuada. Praesent posuere ex ex, vitae auctor neque volutpat vitae. Proin vulputate quam vel urna scelerisque efficitur. Praesent feugiat enim ut mauris vulputate fermentum. Vivamus aliquet blandit sapien a venenatis. Maecenas aliquet, eros ac bibendum congue, purus sem mattis nulla, ac blandit purus ex vel nisi. Curabitur euismod vestibulum justo, nec ultrices felis venenatis ut.\r\n\r\nPraesent posuere odio sit amet lacus scelerisque fringilla. Morbi porttitor aliquam lobortis. Fusce vel ex arcu. Quisque sed rutrum risus. Quisque a quam purus. Curabitur faucibus elit in nunc ornare, vitae consectetur diam condimentum. Maecenas vel lobortis dui. Duis non feugiat metus. Pellentesque habitant morbi tristique senectus et netus et malesuada fames ac turpis egestas. Duis varius sagittis interdum.\r\n\r\nIn lacinia pharetra lacus ac rhoncus. Aliquam sit amet eleifend est, a maximus dui. Sed pretium orci nec diam elementum laoreet. Nulla commodo efficitur feugiat. Sed non erat eu neque ultrices auctor. Donec consectetur purus et consequat suscipit. Curabitur nec gravida neque. Mauris eu tellus in augue volutpat bibendum. Nam rhoncus varius lectus, vitae molestie quam viverra et. Cras suscipit, nunc rhoncus sodales consequat, velit lacus vehicula dui, ac euismod sapien erat at neque. Nullam sit amet massa vel magna imperdiet lobortis. Pellentesque viverra rutrum bibendum. Vivamus sed erat metus. Quisque sit amet vulputate nunc. Phasellus ac viverra ex.\r\n\r\nAliquam tincidunt auctor justo, quis dictum nisi mollis in. Sed enim justo, porttitor sit amet dignissim cursus, laoreet nec lacus. Quisque non dolor quis odio elementum accumsan. Quisque faucibus felis odio, in laoreet elit vehicula non. Mauris fringilla tortor ut justo pretium, non aliquet ipsum ultricies. Sed sed ultricies ipsum. Nam neque massa, iaculis ut sagittis id, efficitur et mauris. Nulla porttitor quam augue, a luctus dolor iaculis sit amet. Vestibulum nec leo purus. Nulla interdum finibus gravida. Suspendisse finibus ornare quam, non vulputate enim posuere sit amet. Quisque in blandit metus, eget euismod ex. Interdum et malesuada fames ac ante ipsum primis in faucibus.\r\n\r\nSuspendisse a pellentesque metus, ut pulvinar tellus. In aliquam justo velit, eget interdum dui mollis at. Ut et pellentesque erat. In pharetra turpis laoreet maximus ultrices. Fusce commodo, sapien sed finibus posuere, mauris justo tristique ipsum, maximus accumsan erat ipsum vitae velit. Suspendisse nec tellus viverra, porttitor nisl ut, dapibus purus. Donec pulvinar lorem nunc, non condimentum ligula ornare eget. Proin vestibulum cursus ornare. Donec elementum placerat tincidunt. Lorem ipsum dolor sit amet, consectetur adipiscing elit. Nunc non ultricies nunc. Etiam elit nunc, consequat eget dignissim ut, suscipit nec erat. Etiam semper eu eros ac venenatis. Proin leo magna, ultricies a nunc ac, pharetra lobortis diam. Maecenas sed nunc non justo scelerisque scelerisque. Nunc et faucibus felis.\r\n\r\nProin fermentum neque sed libero vulputate, a tempus risus malesuada. Morbi vel metus diam. Morbi aliquet imperdiet massa, vel ullamcorper libero convallis ut. Curabitur scelerisque pellentesque felis, bibendum vulputate eros accumsan sed. Morbi est ex, pellentesque eu mattis non, posuere eget libero. Vivamus ac vehicula augue. Curabitur ultricies massa quis arcu cursus, et dictum ante semper. Proin porta nisl rhoncus, tincidunt purus ut, ornare augue. Vivamus posuere faucibus nisi, id aliquam sem. Fusce laoreet, libero a ornare consectetur, magna enim pretium arcu, vel dictum sapien libero et nisi. Maecenas interdum lacus eros, vel molestie nibh aliquet sed. Nunc nunc erat, semper eu urna in, eleifend sagittis purus.\r\n\r\nEtiam rutrum sagittis malesuada. Quisque venenatis accumsan nibh in malesuada. Maecenas tincidunt eu odio rutrum porta. Phasellus iaculis turpis ligula, id ultricies tellus dictum quis. Aliquam porta imperdiet urna, consectetur dignissim purus vehicula quis. Quisque vel ultricies urna, non pharetra turpis. Aenean euismod hendrerit sapien sit amet pretium. Maecenas posuere ex quis lorem tempor lobortis. Nulla et mollis justo. Maecenas mattis nisl magna, ac interdum sapien rhoncus vel. Maecenas rutrum leo arcu, at cursus arcu pretium ut.\r\n\r\nLorem ipsum dolor sit amet, consectetur adipiscing elit. Nulla et tortor pellentesque, commodo arcu viverra, consequat est. Vestibulum placerat tincidunt ante, mollis consequat nibh maximus non. Sed tortor velit, venenatis sed mollis eu, pharetra sit amet est. Nulla fringilla malesuada ligula, id pharetra velit ullamcorper sed. Donec vitae bibendum odio. Aliquam erat volutpat. Etiam tempus rutrum pretium. Aenean vel ultricies tortor. Vestibulum enim magna, malesuada sed pellentesque vitae, vehicula id est. Ut ut vulputate ex. Curabitur vehicula, lectus at mollis euismod, lectus justo commodo massa, sit amet ullamcorper libero nulla et turpis. Mauris dui metus, lobortis id orci in, egestas porttitor eros. Phasellus tempor nisl lectus, ut facilisis eros porttitor eget. Phasellus vel est placerat, sollicitudin mi sit amet, mollis lacus. Vestibulum vitae leo fermentum, malesuada justo id, mattis dui.\r\n\r\nFusce laoreet nunc vel odio finibus, nec faucibus leo malesuada. Maecenas fringilla imperdiet dolor id bibendum. In vitae est eros. Quisque molestie lobortis ipsum, quis porta odio egestas at. Ut sollicitudin scelerisque sem, nec bibendum erat. Vestibulum eget cursus nunc. Integer auctor lorem et ipsum rhoncus hendrerit. Sed volutpat iaculis malesuada. Quisque finibus eget neque et dignissim. Nunc ut blandit sapien. Vestibulum malesuada mauris in velit vulputate, a commodo quam ultricies. Aenean scelerisque mi ac diam porttitor, dictum euismod tellus interdum.');

--
-- Índices para tabelas despejadas
--

--
-- Índices para tabela `administrador`
--
ALTER TABLE `administrador`
  ADD PRIMARY KEY (`id`),
  ADD UNIQUE KEY `id` (`id`),
  ADD UNIQUE KEY `cpf` (`cpf`),
  ADD UNIQUE KEY `email` (`email`);

--
-- Índices para tabela `categoria`
--
ALTER TABLE `categoria`
  ADD PRIMARY KEY (`id`),
  ADD UNIQUE KEY `nome` (`nome`);

--
-- Índices para tabela `idioma`
--
ALTER TABLE `idioma`
  ADD PRIMARY KEY (`id`),
  ADD UNIQUE KEY `id` (`id`);

--
-- Índices para tabela `jogo`
--
ALTER TABLE `jogo`
  ADD PRIMARY KEY (`id`),
  ADD UNIQUE KEY `id` (`id`),
  ADD UNIQUE KEY `nome` (`nome`),
  ADD UNIQUE KEY `imagem_url` (`imagem_url`),
  ADD UNIQUE KEY `video_url` (`video_url`),
  ADD KEY `id_categoria` (`id_categoria`);

--
-- Índices para tabela `jogo_idioma`
--
ALTER TABLE `jogo_idioma`
  ADD PRIMARY KEY (`id`),
  ADD UNIQUE KEY `id` (`id`),
  ADD KEY `id_jogo` (`id_jogo`),
  ADD KEY `id_idioma` (`id_idioma`);

--
-- Índices para tabela `jogo_plataforma`
--
ALTER TABLE `jogo_plataforma`
  ADD PRIMARY KEY (`id`),
  ADD UNIQUE KEY `id` (`id`),
  ADD KEY `id_jogo` (`id_jogo`),
  ADD KEY `id_plataforma` (`id_plataforma`);

--
-- Índices para tabela `mensagem_arquivada`
--
ALTER TABLE `mensagem_arquivada`
  ADD PRIMARY KEY (`id`);

--
-- Índices para tabela `plataforma`
--
ALTER TABLE `plataforma`
  ADD PRIMARY KEY (`id`),
  ADD UNIQUE KEY `id` (`id`);

--
-- Índices para tabela `suporte_vapor`
--
ALTER TABLE `suporte_vapor`
  ADD PRIMARY KEY (`id`);

--
-- AUTO_INCREMENT de tabelas despejadas
--

--
-- AUTO_INCREMENT de tabela `administrador`
--
ALTER TABLE `administrador`
  MODIFY `id` int(11) NOT NULL AUTO_INCREMENT, AUTO_INCREMENT=6;

--
-- AUTO_INCREMENT de tabela `categoria`
--
ALTER TABLE `categoria`
  MODIFY `id` int(11) NOT NULL AUTO_INCREMENT, AUTO_INCREMENT=26;

--
-- AUTO_INCREMENT de tabela `idioma`
--
ALTER TABLE `idioma`
  MODIFY `id` int(11) NOT NULL AUTO_INCREMENT, AUTO_INCREMENT=12;

--
-- AUTO_INCREMENT de tabela `jogo`
--
ALTER TABLE `jogo`
  MODIFY `id` int(11) NOT NULL AUTO_INCREMENT, AUTO_INCREMENT=13;

--
-- AUTO_INCREMENT de tabela `jogo_idioma`
--
ALTER TABLE `jogo_idioma`
  MODIFY `id` int(11) NOT NULL AUTO_INCREMENT, AUTO_INCREMENT=17;

--
-- AUTO_INCREMENT de tabela `jogo_plataforma`
--
ALTER TABLE `jogo_plataforma`
  MODIFY `id` int(11) NOT NULL AUTO_INCREMENT, AUTO_INCREMENT=47;

--
-- AUTO_INCREMENT de tabela `mensagem_arquivada`
--
ALTER TABLE `mensagem_arquivada`
  MODIFY `id` int(11) NOT NULL AUTO_INCREMENT, AUTO_INCREMENT=27;

--
-- AUTO_INCREMENT de tabela `plataforma`
--
ALTER TABLE `plataforma`
  MODIFY `id` int(11) NOT NULL AUTO_INCREMENT, AUTO_INCREMENT=9;

--
-- AUTO_INCREMENT de tabela `suporte_vapor`
--
ALTER TABLE `suporte_vapor`
  MODIFY `id` int(11) NOT NULL AUTO_INCREMENT, AUTO_INCREMENT=21;

--
-- Restrições para despejos de tabelas
--

--
-- Limitadores para a tabela `jogo`
--
ALTER TABLE `jogo`
  ADD CONSTRAINT `jogo_ibfk_1` FOREIGN KEY (`id_categoria`) REFERENCES `categoria` (`id`);

--
-- Limitadores para a tabela `jogo_idioma`
--
ALTER TABLE `jogo_idioma`
  ADD CONSTRAINT `jogo_idioma_ibfk_1` FOREIGN KEY (`id_jogo`) REFERENCES `jogo` (`id`),
  ADD CONSTRAINT `jogo_idioma_ibfk_2` FOREIGN KEY (`id_idioma`) REFERENCES `idioma` (`id`);

--
-- Limitadores para a tabela `jogo_plataforma`
--
ALTER TABLE `jogo_plataforma`
  ADD CONSTRAINT `jogo_plataforma_ibfk_1` FOREIGN KEY (`id_jogo`) REFERENCES `jogo` (`id`),
  ADD CONSTRAINT `jogo_plataforma_ibfk_2` FOREIGN KEY (`id_plataforma`) REFERENCES `plataforma` (`id`);
COMMIT;

/*!40101 SET CHARACTER_SET_CLIENT=@OLD_CHARACTER_SET_CLIENT */;
/*!40101 SET CHARACTER_SET_RESULTS=@OLD_CHARACTER_SET_RESULTS */;
/*!40101 SET COLLATION_CONNECTION=@OLD_COLLATION_CONNECTION */;
